playlist_id,video_id
PLmur3Z0Afau49M9Qhc9ljxktYH58szH87,RljBVCnt9AQ
PLmur3Z0Afau49M9Qhc9ljxktYH58szH87,6_aKBUfY2Yc
PLmur3Z0Afau49M9Qhc9ljxktYH58szH87,mm6UJ6HjwXg
PLmur3Z0Afau6EJFQNsmCd0badJOW7vN9J,LoCYgZeHkWc
PLmur3Z0Afau6EJFQNsmCd0badJOW7vN9J,o2Ht3c0Sdyk
PLmur3Z0Afau6EJFQNsmCd0badJOW7vN9J,Mr8FCpOm7Lc
PLmur3Z0Afau6_ebbQaBXqwocwVN7y0_6y,f4CuHjhvNE8
PLmur3Z0Afau6_ebbQaBXqwocwVN7y0_6y,vdLZMgXHvYQ
PLmur3Z0Afau6OyqRXF96t97YxY-dYfv3L,f4CuHjhvNE8
PLmur3Z0Afau6OyqRXF96t97YxY-dYfv3L,vdLZMgXHvYQ
PLmur3Z0Afau7_zMrbie2ni13rcqFmt63f,BDqhOhr-orw
PLmur3Z0Afau7_zMrbie2ni13rcqFmt63f,RfKlcttNBG0
PLmur3Z0Afau7_zMrbie2ni13rcqFmt63f,yptrdzTTDSk
PLmur3Z0Afau7_zMrbie2ni13rcqFmt63f,NZXfXmRYbQY
PLmur3Z0Afau7_zMrbie2ni13rcqFmt63f,rpMnfBcWdO8
PLmur3Z0Afau7_zMrbie2ni13rcqFmt63f,oTV2a5fjN0c
PLmur3Z0Afau7_zMrbie2ni13rcqFmt63f,B-lF-Bev3Vg
PLmur3Z0Afau7_zMrbie2ni13rcqFmt63f,o05t0yHfsqU
PLmur3Z0Afau7_zMrbie2ni13rcqFmt63f,LQlGuahgCHk
PLmur3Z0Afau7_zMrbie2ni13rcqFmt63f,bVuQfXje8KQ
PLmur3Z0Afau7_zMrbie2ni13rcqFmt63f,fx7e-VkVCW0
PLmur3Z0Afau41Noq-I7zDWIZd3DhpkRpU,sKQbArT36AU
PLmur3Z0Afau41Noq-I7zDWIZd3DhpkRpU,xUzIqdEPC-k
PLmur3Z0Afau41Noq-I7zDWIZd3DhpkRpU,m5GTkSK14Us
PLmur3Z0Afau41Noq-I7zDWIZd3DhpkRpU,52kIclm6c0Q
PLmur3Z0Afau6QrSmAI-uaEHGaGQbiQakD,nDzIevSAczY
PLmur3Z0Afau6QrSmAI-uaEHGaGQbiQakD,QCCxc_uQJ40
PLmur3Z0Afau6QrSmAI-uaEHGaGQbiQakD,tN-6pT7nsx0
PLmur3Z0Afau6QrSmAI-uaEHGaGQbiQakD,Fw54dW2Rlmc
PLmur3Z0Afau6QrSmAI-uaEHGaGQbiQakD,jXZaBv3po-4
PLmur3Z0Afau6QrSmAI-uaEHGaGQbiQakD,aUjTmYa0xKQ
PLmur3Z0Afau6QrSmAI-uaEHGaGQbiQakD,TnBL8QM8BRw
PLmur3Z0Afau6QrSmAI-uaEHGaGQbiQakD,-z6s4CepwnQ
PLmur3Z0Afau6QrSmAI-uaEHGaGQbiQakD,QzQhtsTdHhM
PLmur3Z0Afau6QrSmAI-uaEHGaGQbiQakD,hbMRv19SkXY
PLmur3Z0Afau48RYn7BwfLVX-pUsEKhcxI,O73aCOuJrlw
PLmur3Z0Afau48RYn7BwfLVX-pUsEKhcxI,fHcSuHNRWk0
PLmur3Z0Afau46DB3QrnYICl6iE4T4lFk4,S-ks3JHQP84
PLmur3Z0Afau46DB3QrnYICl6iE4T4lFk4,n0KeXanRHXw
PLmur3Z0Afau46DB3QrnYICl6iE4T4lFk4,azVYdXZ4ms0
PLmur3Z0Afau46DB3QrnYICl6iE4T4lFk4,fk0DQIVkT8Y
PLmur3Z0Afau46DB3QrnYICl6iE4T4lFk4,J1NbICXptFk
PLmur3Z0Afau46DB3QrnYICl6iE4T4lFk4,AeBSW9JA6ik
PLmur3Z0Afau46DB3QrnYICl6iE4T4lFk4,x1Ev_MOGavU
PLmur3Z0Afau46DB3QrnYICl6iE4T4lFk4,ccdXOAkY6K8
PLmur3Z0Afau5JD4NnvCS3BsJXqEnBAAuQ,kMK78kboyp8
PLmur3Z0Afau5JD4NnvCS3BsJXqEnBAAuQ,RGrh3JuR0A0
PLmur3Z0Afau5JD4NnvCS3BsJXqEnBAAuQ,pwjPHJrfgC4
PLmur3Z0Afau5JD4NnvCS3BsJXqEnBAAuQ,o3Cm9oWYxSo
PLmur3Z0Afau5JD4NnvCS3BsJXqEnBAAuQ,8yo7hskqSg0
PLmur3Z0Afau5JD4NnvCS3BsJXqEnBAAuQ,UfXIDMDmyL8
PLmur3Z0Afau7HWlUGLC-7pJqh2OT2iAbk,WJhqu5_HzBU
PLmur3Z0Afau7HWlUGLC-7pJqh2OT2iAbk,ozyqvPAS52w
PLmur3Z0Afau7HWlUGLC-7pJqh2OT2iAbk,exKmQXCoxF8
PLmur3Z0Afau7HWlUGLC-7pJqh2OT2iAbk,HSi_rNOahTo
PLmur3Z0Afau7HWlUGLC-7pJqh2OT2iAbk,baWHw9rjClE
PLmur3Z0Afau5nOJZowFCxW4XRB3nm8Agu,kMK78kboyp8
PLmur3Z0Afau5nOJZowFCxW4XRB3nm8Agu,qMoqgAdgjTc
PLmur3Z0Afau5nOJZowFCxW4XRB3nm8Agu,YM9WHBDEtWQ
PLmur3Z0Afau5nOJZowFCxW4XRB3nm8Agu,7box15ryvx8
PLmur3Z0Afau5nOJZowFCxW4XRB3nm8Agu,gttqzP68HHQ
PLmur3Z0Afau5nOJZowFCxW4XRB3nm8Agu,7N74CChM7yc
PLmur3Z0Afau5nOJZowFCxW4XRB3nm8Agu,sdVifjnaPsU
PLmur3Z0Afau5nOJZowFCxW4XRB3nm8Agu,xW_kau8iJLk
PLmur3Z0Afau5nOJZowFCxW4XRB3nm8Agu,y6kxoZGdXAM
PLmur3Z0Afau6230A-WpB9i4Q4CdO_FzSH,jpQqr3JQs84
PLmur3Z0Afau6230A-WpB9i4Q4CdO_FzSH,J_ikGqqW4EE
PLmur3Z0Afau6230A-WpB9i4Q4CdO_FzSH,IZpiUSU4VOI
PLmur3Z0Afau6230A-WpB9i4Q4CdO_FzSH,okEgeu48k9U
PLmur3Z0Afau6230A-WpB9i4Q4CdO_FzSH,a-8oENoSrFs
PLmur3Z0Afau6230A-WpB9i4Q4CdO_FzSH,ydQM74FpbMQ
PLmur3Z0Afau6230A-WpB9i4Q4CdO_FzSH,cJGfNu7fwRA
PLmur3Z0Afau6230A-WpB9i4Q4CdO_FzSH,uadGTl8Hwss
PLmur3Z0Afau6Pi5lyICFw9KQYSi-YacON,XJlGkvWG4rc
PLmur3Z0Afau6Pi5lyICFw9KQYSi-YacON,HK_6FqNmwEA
PLmur3Z0Afau6Pi5lyICFw9KQYSi-YacON,r5v1q5SWLUs
PLmur3Z0Afau6Pi5lyICFw9KQYSi-YacON,3fz_OICqvKM
PLmur3Z0Afau5ae_oB9Zg3wVua3XfPHUII,SMqewkANMEg
PLmur3Z0Afau5ae_oB9Zg3wVua3XfPHUII,FsNEasL2zp0
PLmur3Z0Afau5ae_oB9Zg3wVua3XfPHUII,yHP5a9jdtWE
PLmur3Z0Afau5ae_oB9Zg3wVua3XfPHUII,W-ALt3jfzf0
PLmur3Z0Afau5ae_oB9Zg3wVua3XfPHUII,DPHHIbG-O6M
PLmur3Z0Afau5ae_oB9Zg3wVua3XfPHUII,CjeaycysTlE
PLmur3Z0Afau5ae_oB9Zg3wVua3XfPHUII,ADb60W8jTsM
PLmur3Z0Afau5ae_oB9Zg3wVua3XfPHUII,Qmwj4dO50B0
PLmur3Z0Afau5ae_oB9Zg3wVua3XfPHUII,hxv1-twWRGk
PLmur3Z0Afau5ae_oB9Zg3wVua3XfPHUII,C26z3XZv-pk
PLmur3Z0Afau5ae_oB9Zg3wVua3XfPHUII,kxEqXkdJUWY
PLmur3Z0Afau5ae_oB9Zg3wVua3XfPHUII,H5tBszfClWE
PLmur3Z0Afau5ae_oB9Zg3wVua3XfPHUII,l554kV12Wuo
PLmur3Z0Afau5IYNmvJfDtCgGpTdB4WdOd,Kcq0tjmvGOs
PLmur3Z0Afau5IYNmvJfDtCgGpTdB4WdOd,9DaEmvKWsEA
PLmur3Z0Afau5IYNmvJfDtCgGpTdB4WdOd,tFgC7TwuAHU
PLmur3Z0Afau5IYNmvJfDtCgGpTdB4WdOd,WqCVLEnggFY
PLmur3Z0Afau5IYNmvJfDtCgGpTdB4WdOd,sLm9zbGoli4
PLmur3Z0Afau6EvbpksB7b2UPSATfPrTOg,KqSBoFXee2M
PLmur3Z0Afau6EvbpksB7b2UPSATfPrTOg,MdaP0HnzGuo
PLmur3Z0Afau6EvbpksB7b2UPSATfPrTOg,HUW2WIBVUJk
PLmur3Z0Afau6ZMk2Q66nZPIyN35KHmDpT,sKQbArT36AU
PLmur3Z0Afau6ZMk2Q66nZPIyN35KHmDpT,VZ4HY6fGlcs
PLmur3Z0Afau6ZMk2Q66nZPIyN35KHmDpT,SMqewkANMEg
PLmur3Z0Afau6ZMk2Q66nZPIyN35KHmDpT,FsNEasL2zp0
PLmur3Z0Afau6ZMk2Q66nZPIyN35KHmDpT,52kIclm6c0Q
PLmur3Z0Afau5y9Xr6kW_US2o0g_JpvRkC,RfKlcttNBG0
PLmur3Z0Afau5y9Xr6kW_US2o0g_JpvRkC,rofyxAwDQAU
PLmur3Z0Afau5y9Xr6kW_US2o0g_JpvRkC,o05t0yHfsqU
PLmur3Z0Afau5y9Xr6kW_US2o0g_JpvRkC,5JRf5CrGB5I
PLmur3Z0Afau5y9Xr6kW_US2o0g_JpvRkC,fPLvqajYUVA
PLmur3Z0Afau5y9Xr6kW_US2o0g_JpvRkC,DNCggFRtFjU
PLmur3Z0Afau5y9Xr6kW_US2o0g_JpvRkC,cKn4i2dvya0
PLmur3Z0Afau5y9Xr6kW_US2o0g_JpvRkC,1rXC2JJyHiw
PLmur3Z0Afau5y9Xr6kW_US2o0g_JpvRkC,UHOIaYOxKlI
PLmur3Z0Afau5y9Xr6kW_US2o0g_JpvRkC,q1PBDoRgiMQ
PLmur3Z0Afau5y9Xr6kW_US2o0g_JpvRkC,sbgWwg2Ykew
PLmur3Z0Afau5y9Xr6kW_US2o0g_JpvRkC,oYrsULo6K-I
PLmur3Z0Afau5y9Xr6kW_US2o0g_JpvRkC,gK6-mv-mksw
PLmur3Z0Afau5y9Xr6kW_US2o0g_JpvRkC,ZGHHE0M3080
PLmur3Z0Afau5y9Xr6kW_US2o0g_JpvRkC,bORfnMRY3BM
PLmur3Z0Afau5y9Xr6kW_US2o0g_JpvRkC,SLI0LeBkwb8
PLmur3Z0Afau5y9Xr6kW_US2o0g_JpvRkC,3kGbXplRKRc
PLmur3Z0Afau5y9Xr6kW_US2o0g_JpvRkC,a51ZHTRWtrc
PLmur3Z0Afau5y9Xr6kW_US2o0g_JpvRkC,cLwAIjmC4Xw
PLmur3Z0Afau5y9Xr6kW_US2o0g_JpvRkC,NSNQibwWGvU
PLmur3Z0Afau5y9Xr6kW_US2o0g_JpvRkC,AkOkPs555kQ
PLmur3Z0Afau5y9Xr6kW_US2o0g_JpvRkC,4ArVvrhhnyI
PLmur3Z0Afau5y9Xr6kW_US2o0g_JpvRkC,PNjynDybHxE
PLmur3Z0Afau5y9Xr6kW_US2o0g_JpvRkC,KKkLytDZyp8
PLmur3Z0Afau5y9Xr6kW_US2o0g_JpvRkC,Y-yAsuff-Fc
PLmur3Z0Afau4rQXDwtpLKhGxiyJ1QHMIR,hh9t3pEUCes
PLmur3Z0Afau4rQXDwtpLKhGxiyJ1QHMIR,RThSD70hiTg
PLmur3Z0Afau4rQXDwtpLKhGxiyJ1QHMIR,k2EtmCbKb4o
PLmur3Z0Afau4rQXDwtpLKhGxiyJ1QHMIR,1CIUhyNtTfg
PLmur3Z0Afau4rQXDwtpLKhGxiyJ1QHMIR,o9kMAEyjpQI
PLmur3Z0Afau4rQXDwtpLKhGxiyJ1QHMIR,apRg-105hB0
PLmur3Z0Afau4rQXDwtpLKhGxiyJ1QHMIR,GK_X4jiR7WM
PLmur3Z0Afau4rQXDwtpLKhGxiyJ1QHMIR,dro3wVNQmE4
PLmur3Z0Afau4rQXDwtpLKhGxiyJ1QHMIR,OLxbAW9Cid0
PLmur3Z0Afau4rQXDwtpLKhGxiyJ1QHMIR,a51ZHTRWtrc
PLmur3Z0Afau4rQXDwtpLKhGxiyJ1QHMIR,sR8ADZOcPho
PLmur3Z0Afau4rQXDwtpLKhGxiyJ1QHMIR,NvLWJxSJ1LM
PLmur3Z0Afau4rQXDwtpLKhGxiyJ1QHMIR,zDYUiI6ci9Y
PLmur3Z0Afau4rQXDwtpLKhGxiyJ1QHMIR,tfexF_8tVuY
PLmur3Z0Afau4rQXDwtpLKhGxiyJ1QHMIR,GzOrIbvYudI
PLmur3Z0Afau4rQXDwtpLKhGxiyJ1QHMIR,lxWeR5iCZtM
PLmur3Z0Afau4rQXDwtpLKhGxiyJ1QHMIR,0dYu31m6D7k
PLmur3Z0Afau4rQXDwtpLKhGxiyJ1QHMIR,ZTThCI8WsOY
PLmur3Z0Afau4rQXDwtpLKhGxiyJ1QHMIR,cKn4i2dvya0
PLmur3Z0Afau4rQXDwtpLKhGxiyJ1QHMIR,s-tYE79uyCk
PLmur3Z0Afau4rQXDwtpLKhGxiyJ1QHMIR,_MXmLkBl3hA
PLmur3Z0Afau4rQXDwtpLKhGxiyJ1QHMIR,LaJyT0Txj0I
PLmur3Z0Afau4rQXDwtpLKhGxiyJ1QHMIR,DNCggFRtFjU
PLmur3Z0Afau4rQXDwtpLKhGxiyJ1QHMIR,lC4e8Uh_C-o
PLmur3Z0Afau4rQXDwtpLKhGxiyJ1QHMIR,P1iHAm3pppM
PLmur3Z0Afau4rQXDwtpLKhGxiyJ1QHMIR,slNxj010iTs
PLmur3Z0Afau4rQXDwtpLKhGxiyJ1QHMIR,eRUN1Z6RbEw
PLmur3Z0Afau4biA4S9GfGY1Qbg-Mha1K3,xiY3tnyTzpM
PLmur3Z0Afau4biA4S9GfGY1Qbg-Mha1K3,blMRs6Wh-G0
PLmur3Z0Afau4biA4S9GfGY1Qbg-Mha1K3,XoTZItCldn4
PLmur3Z0Afau4biA4S9GfGY1Qbg-Mha1K3,t-8TDOFqkQA
PLmur3Z0Afau4biA4S9GfGY1Qbg-Mha1K3,WJhqu5_HzBU
PLmur3Z0Afau4biA4S9GfGY1Qbg-Mha1K3,TbJkuPRKOr8
PLmur3Z0Afau4biA4S9GfGY1Qbg-Mha1K3,gi24Xl2PJIc
PLmur3Z0Afau4biA4S9GfGY1Qbg-Mha1K3,yRzpanrzrK4
PLmur3Z0Afau4biA4S9GfGY1Qbg-Mha1K3,8rFsZvVb_xo
PLmur3Z0Afau4sqtru85T3J3CafcrUL7OZ,pk0Zm_xpk3c
PLmur3Z0Afau4sqtru85T3J3CafcrUL7OZ,2RgzOYNdnLE
PLmur3Z0Afau4sqtru85T3J3CafcrUL7OZ,6pzLhWCxH_g
PLmur3Z0Afau4sqtru85T3J3CafcrUL7OZ,bP66ZPXIFP4
PLmur3Z0Afau4sqtru85T3J3CafcrUL7OZ,_GPtQbeWW5Q
PLmur3Z0Afau4sqtru85T3J3CafcrUL7OZ,IglBJ62Sv3Q
PLmur3Z0Afau5LtPzAhV2dD3_LtOEk3QRP,h2YKBp4JUQo
PLmur3Z0Afau5LtPzAhV2dD3_LtOEk3QRP,vDsWU1qV_0k
PLmur3Z0Afau5LtPzAhV2dD3_LtOEk3QRP,cRykZDnJbW4
PLmur3Z0Afau5LtPzAhV2dD3_LtOEk3QRP,NYi-7iaqmHk
PLmur3Z0Afau5LtPzAhV2dD3_LtOEk3QRP,CECnIMoVxII
PLmur3Z0Afau65DseCN1Ya8v9fZhBoq--I,vni148KpCx8
PLmur3Z0Afau65DseCN1Ya8v9fZhBoq--I,2jbRP7Ms1Gg
PLmur3Z0Afau65DseCN1Ya8v9fZhBoq--I,QqG-2_ceNX8
PLmur3Z0Afau65DseCN1Ya8v9fZhBoq--I,BB-UaywSp8Q
PLmur3Z0Afau65DseCN1Ya8v9fZhBoq--I,8W1c4XnO4qk
PLmur3Z0Afau4z-CYhy9qklMynpXRFGN7p,HjSQ10zDB0k
PLmur3Z0Afau4z-CYhy9qklMynpXRFGN7p,bkTrtv5nVmc
PLmur3Z0Afau4z-CYhy9qklMynpXRFGN7p,L-1onPXTTyE
PLmur3Z0Afau4z-CYhy9qklMynpXRFGN7p,zV9v0RIE-iI
PLmur3Z0Afau4z-CYhy9qklMynpXRFGN7p,ITZpJY6K4wk
PLmur3Z0Afau4z-CYhy9qklMynpXRFGN7p,Yc827HubVjY
PLmur3Z0Afau4z-CYhy9qklMynpXRFGN7p,7q9KYJNu-R8
PLmur3Z0Afau4z-CYhy9qklMynpXRFGN7p,NZXfXmRYbQY
PLmur3Z0Afau4z-CYhy9qklMynpXRFGN7p,YTUGNBU7IaI
PLmur3Z0Afau4z-CYhy9qklMynpXRFGN7p,_MgeSTzbbLI
PLmur3Z0Afau4z-CYhy9qklMynpXRFGN7p,hQVNtXIy3B4
PLmur3Z0Afau4z-CYhy9qklMynpXRFGN7p,NwKWXDyRvMY
PLmur3Z0Afau4z-CYhy9qklMynpXRFGN7p,lVNc1CUTX_s
PLmur3Z0Afau4z-CYhy9qklMynpXRFGN7p,mU1IdB7rv70
PLmur3Z0Afau4z-CYhy9qklMynpXRFGN7p,8Rs4SswSQkA
PLmur3Z0Afau4z-CYhy9qklMynpXRFGN7p,WSyRe8j2vmk
PLmur3Z0Afau4z-CYhy9qklMynpXRFGN7p,2NesfDyrGHE
PLmur3Z0Afau4z-CYhy9qklMynpXRFGN7p,h6IZFP9_GSA
PLmur3Z0Afau4z-CYhy9qklMynpXRFGN7p,9k-BuwX8Djs
PLmur3Z0Afau4z-CYhy9qklMynpXRFGN7p,Pg0Qghva5ds
PLmur3Z0Afau4z-CYhy9qklMynpXRFGN7p,_dDntezXdL4
PLmur3Z0Afau4z-CYhy9qklMynpXRFGN7p,SKyoc_XkWEQ
PLmur3Z0Afau4z-CYhy9qklMynpXRFGN7p,Y5r9Swuw3-4
PLmur3Z0Afau4z-CYhy9qklMynpXRFGN7p,KsB9OTkepe8
PLmur3Z0Afau4z-CYhy9qklMynpXRFGN7p,c2prHCbrVUw
PLmur3Z0Afau4z-CYhy9qklMynpXRFGN7p,mMgSQSpPafQ
PLmur3Z0Afau4z-CYhy9qklMynpXRFGN7p,QuBy6YzLMn0
PLmur3Z0Afau4z-CYhy9qklMynpXRFGN7p,hAO8BUof9IM
PLmur3Z0Afau4z-CYhy9qklMynpXRFGN7p,Vnn3kED7vMc
PLmur3Z0Afau4z-CYhy9qklMynpXRFGN7p,L3e-D1Gocps
PLmur3Z0Afau4z-CYhy9qklMynpXRFGN7p,iZbVjNbnlNI
PLmur3Z0Afau4z-CYhy9qklMynpXRFGN7p,EKOa-kFRbBU
PLmur3Z0Afau4z-CYhy9qklMynpXRFGN7p,AXXiHyBitbs
PLmur3Z0Afau4z-CYhy9qklMynpXRFGN7p,oAOypGQdzGU
PLmur3Z0Afau4z-CYhy9qklMynpXRFGN7p,ajG3eMB5AJM
PLmur3Z0Afau4z-CYhy9qklMynpXRFGN7p,z2JEulhxcns
PLmur3Z0Afau4z-CYhy9qklMynpXRFGN7p,A8xjYuTH4KY
PLmur3Z0Afau4z-CYhy9qklMynpXRFGN7p,IqQuG_JUqhg
PLmur3Z0Afau4z-CYhy9qklMynpXRFGN7p,67DoENzCgCg
PLmur3Z0Afau4z-CYhy9qklMynpXRFGN7p,qOzcMxWC8_w
PLmur3Z0Afau4z-CYhy9qklMynpXRFGN7p,aYAw26nSzBA
PLmur3Z0Afau4z-CYhy9qklMynpXRFGN7p,7D-gyH88JPM
PLmur3Z0Afau4z-CYhy9qklMynpXRFGN7p,crBg_PJKr_U
PLmur3Z0Afau4z-CYhy9qklMynpXRFGN7p,Vp5s4hqX4ZQ
PLmur3Z0Afau4z-CYhy9qklMynpXRFGN7p,IWAbQgWJlLQ
PLmur3Z0Afau4z-CYhy9qklMynpXRFGN7p,Xyq2963BlsI
PLmur3Z0Afau4z-CYhy9qklMynpXRFGN7p,bNBQKlHt6rg
PLmur3Z0Afau4z-CYhy9qklMynpXRFGN7p,tLwM9neSL20
PLmur3Z0Afau4z-CYhy9qklMynpXRFGN7p,E0WT1HtB-Sc
PLmur3Z0Afau5pGHCowevp8hj9xTKDN30x,IglBJ62Sv3Q
PLmur3Z0Afau5pGHCowevp8hj9xTKDN30x,CECnIMoVxII
PLmur3Z0Afau5pGHCowevp8hj9xTKDN30x,hbMRv19SkXY
PLmur3Z0Afau5pGHCowevp8hj9xTKDN30x,YQZxWtJfYCM
PLmur3Z0Afau5pGHCowevp8hj9xTKDN30x,_GPtQbeWW5Q
PLmur3Z0Afau5pGHCowevp8hj9xTKDN30x,jBdkNWj1Lxw
PLmur3Z0Afau5pGHCowevp8hj9xTKDN30x,_5zUMrMstaY
PLmur3Z0Afau5pGHCowevp8hj9xTKDN30x,DuPQhZa_JDw
PLmur3Z0Afau5pGHCowevp8hj9xTKDN30x,j-EYelDOiJ8
PLmur3Z0Afau5pGHCowevp8hj9xTKDN30x,MHdq4KL_i2w
PLmur3Z0Afau5pGHCowevp8hj9xTKDN30x,_oxx-cXDZbg
PLmur3Z0Afau5pGHCowevp8hj9xTKDN30x,FzpjHINVsIs
PLmur3Z0Afau5pGHCowevp8hj9xTKDN30x,76S3iMfcZE8
PLmur3Z0Afau5pGHCowevp8hj9xTKDN30x,ICr6Txy0oLY
PLmur3Z0Afau5pGHCowevp8hj9xTKDN30x,-toUdF5wWq4
PLmur3Z0Afau5pGHCowevp8hj9xTKDN30x,evglHGovEa4
PLmur3Z0Afau5pGHCowevp8hj9xTKDN30x,0oGLGq1I7E4
PLmur3Z0Afau5pGHCowevp8hj9xTKDN30x,CTvrATfdl-Y
PLmur3Z0Afau5pGHCowevp8hj9xTKDN30x,ldR4LI6Lck4
PLmur3Z0Afau5pGHCowevp8hj9xTKDN30x,w2ktx0jz2uU
PLmur3Z0Afau5pGHCowevp8hj9xTKDN30x,lnIxGL_fP9E
PLmur3Z0Afau5pGHCowevp8hj9xTKDN30x,AM2K20qtDZ8
PLmur3Z0Afau5pGHCowevp8hj9xTKDN30x,HO6MAB1HaK0
PLmur3Z0Afau5pGHCowevp8hj9xTKDN30x,B177DoX548Q
PLmur3Z0Afau5pGHCowevp8hj9xTKDN30x,9FA7bSN4xro
PLmur3Z0Afau5pGHCowevp8hj9xTKDN30x,xaRRife6ntQ
PLmur3Z0Afau5pGHCowevp8hj9xTKDN30x,3P5ApwATylI
PLmur3Z0Afau5pGHCowevp8hj9xTKDN30x,c4zn0vIxQ2o
PLmur3Z0Afau5pGHCowevp8hj9xTKDN30x,swqHIrY-ni8
PLmur3Z0Afau5pGHCowevp8hj9xTKDN30x,nK4_QCeTRvA
PLmur3Z0Afau5pGHCowevp8hj9xTKDN30x,95_-ThLpbJ4
PLmur3Z0Afau5pGHCowevp8hj9xTKDN30x,uLvJ6YqBZIw
PLmur3Z0Afau5pGHCowevp8hj9xTKDN30x,quFRqt80l28
PLmur3Z0Afau5pGHCowevp8hj9xTKDN30x,ccdXOAkY6K8
PLmur3Z0Afau5pGHCowevp8hj9xTKDN30x,MPCFFVAfwYc
PLmur3Z0Afau5pGHCowevp8hj9xTKDN30x,h1DPEFPX_xQ
PLmur3Z0Afau5pGHCowevp8hj9xTKDN30x,Xksv2EGG9ek
PLmur3Z0Afau5pGHCowevp8hj9xTKDN30x,iBpU9idmeVM
PLmur3Z0Afau5pGHCowevp8hj9xTKDN30x,9akeYnLXF9c
PLmur3Z0Afau5pGHCowevp8hj9xTKDN30x,ca1c75d6NN4
PLmur3Z0Afau5pGHCowevp8hj9xTKDN30x,bOXLFbofEZ0
PLmur3Z0Afau5pGHCowevp8hj9xTKDN30x,8eKzxvu84D0
PLmur3Z0Afau5pGHCowevp8hj9xTKDN30x,H3RRDhEgqcM
PLmur3Z0Afau5pGHCowevp8hj9xTKDN30x,hbSY37dr45Y
PLmur3Z0Afau5pGHCowevp8hj9xTKDN30x,eTOK6VCCg4Q
PLmur3Z0Afau5pGHCowevp8hj9xTKDN30x,ihQE_G_-PH8
PLmur3Z0Afau5pGHCowevp8hj9xTKDN30x,luS49hGppxk
PLmur3Z0Afau5pGHCowevp8hj9xTKDN30x,mrQ37EUcKwc
PLmur3Z0Afau5pGHCowevp8hj9xTKDN30x,Hn2P4FNUSW4
PLmur3Z0Afau5pGHCowevp8hj9xTKDN30x,PsMvcH2n17w
PLmur3Z0Afau5pGHCowevp8hj9xTKDN30x,MbDBr6j6sIQ
PLmur3Z0Afau5pGHCowevp8hj9xTKDN30x,UuU1ZrsNIO4
PLmur3Z0Afau5pGHCowevp8hj9xTKDN30x,6yksAQfP3FU
PLmur3Z0Afau5pGHCowevp8hj9xTKDN30x,ozhVcXVv9QQ
PLmur3Z0Afau5pGHCowevp8hj9xTKDN30x,pwpI3gL8SYw
PLmur3Z0Afau5pGHCowevp8hj9xTKDN30x,2wtX5syA1ME
PLmur3Z0Afau5pGHCowevp8hj9xTKDN30x,qgKAO2CWVeA
PLmur3Z0Afau5pGHCowevp8hj9xTKDN30x,fWjPDo0QO_0
PLmur3Z0Afau5pGHCowevp8hj9xTKDN30x,Tgz7p3_5BeI
PLmur3Z0Afau5pGHCowevp8hj9xTKDN30x,wENbN9eLUVI
PLmur3Z0Afau5pGHCowevp8hj9xTKDN30x,Bgj4Fw-6kWA
PLmur3Z0Afau5pGHCowevp8hj9xTKDN30x,qUiHBtzSmY0
PLmur3Z0Afau5pGHCowevp8hj9xTKDN30x,VosSjKvNR6A
PLmur3Z0Afau5pGHCowevp8hj9xTKDN30x,Clgp5BU-0T0
PLmur3Z0Afau5pGHCowevp8hj9xTKDN30x,QQGtk0917kE
PLmur3Z0Afau5pGHCowevp8hj9xTKDN30x,KSgsat04lLk
PLmur3Z0Afau5pGHCowevp8hj9xTKDN30x,Hi5I0IAnhGs
PLmur3Z0Afau5pGHCowevp8hj9xTKDN30x,BkE9zNlNEsg
PLmur3Z0Afau5pGHCowevp8hj9xTKDN30x,bkQ_8XXcbJI
PLmur3Z0Afau5pGHCowevp8hj9xTKDN30x,4I-phthW-t8
PLmur3Z0Afau5pGHCowevp8hj9xTKDN30x,pErcM8XILIU
PLmur3Z0Afau5pGHCowevp8hj9xTKDN30x,c7biHRhOIpc
PLmur3Z0Afau5pGHCowevp8hj9xTKDN30x,QZGrvJujDUo
PLmur3Z0Afau5pGHCowevp8hj9xTKDN30x,9MasdCH8s-U
PLmur3Z0Afau5pGHCowevp8hj9xTKDN30x,x3gKW99gMd0
PLmur3Z0Afau7CS0g6uiXVhsGd0QSKkcTs,UfXIDMDmyL8
PLmur3Z0Afau7CS0g6uiXVhsGd0QSKkcTs,8yo7hskqSg0
PLmur3Z0Afau7CS0g6uiXVhsGd0QSKkcTs,pwjPHJrfgC4
PLmur3Z0Afau7CS0g6uiXVhsGd0QSKkcTs,o3Cm9oWYxSo
PLmur3Z0Afau4qGyZmsgb2L10t5Fwfp_vh,F4v-eNmWECw
PLmur3Z0Afau4qGyZmsgb2L10t5Fwfp_vh,Y1JGY7ooEgQ
PLmur3Z0Afau4qGyZmsgb2L10t5Fwfp_vh,0YQjsDJ0jww
PLmur3Z0Afau4qGyZmsgb2L10t5Fwfp_vh,zfXXhjr5tyA
PLmur3Z0Afau4qGyZmsgb2L10t5Fwfp_vh,uyi2RT3Kak4
PLmur3Z0Afau4qGyZmsgb2L10t5Fwfp_vh,_YwrI5SlS8Q
PLmur3Z0Afau4qGyZmsgb2L10t5Fwfp_vh,V9YfnLGoJL8
PLmur3Z0Afau4qGyZmsgb2L10t5Fwfp_vh,k_zBkqBTFtE
PLmur3Z0Afau4qGyZmsgb2L10t5Fwfp_vh,thXstqQcdQ4
PLmur3Z0Afau4qGyZmsgb2L10t5Fwfp_vh,YyLcD7_vt0Q
PLmur3Z0Afau4qGyZmsgb2L10t5Fwfp_vh,-cRGIXzrzxA
PLmur3Z0Afau4qGyZmsgb2L10t5Fwfp_vh,8PjZJeKyV00
PLmur3Z0Afau4qGyZmsgb2L10t5Fwfp_vh,CnuVykT0CT4
PLmur3Z0Afau4qGyZmsgb2L10t5Fwfp_vh,kwNogMdG5dk
PLmur3Z0Afau4qGyZmsgb2L10t5Fwfp_vh,TXg1mYN2tbw
PLmur3Z0Afau4qGyZmsgb2L10t5Fwfp_vh,bQQSNO5ssIs
PLmur3Z0Afau4qGyZmsgb2L10t5Fwfp_vh,-Nm9l5qRWQU
PLmur3Z0Afau4qGyZmsgb2L10t5Fwfp_vh,iEkKwOWZS_E
PLmur3Z0Afau4qGyZmsgb2L10t5Fwfp_vh,9RXObjS639M
PLmur3Z0Afau4qGyZmsgb2L10t5Fwfp_vh,OhO5fKkHTH8
PLmur3Z0Afau4qGyZmsgb2L10t5Fwfp_vh,ZXNTwWGNrE4
PLmur3Z0Afau75F3r4GJp4mM7Foy3qU-Gr,sPZebkT92Qk
PLmur3Z0Afau75F3r4GJp4mM7Foy3qU-Gr,Hc1Bdai4GA0
PLmur3Z0Afau75F3r4GJp4mM7Foy3qU-Gr,OaU1kiYP5h8
PLmur3Z0Afau75F3r4GJp4mM7Foy3qU-Gr,7_Mt8B3zLwE
PLmur3Z0Afau75F3r4GJp4mM7Foy3qU-Gr,v4rYDnk4-c8
PLmur3Z0Afau75F3r4GJp4mM7Foy3qU-Gr,asHk55yQd3I
PLmur3Z0Afau75F3r4GJp4mM7Foy3qU-Gr,AJghmMgfNvA
PLmur3Z0Afau75F3r4GJp4mM7Foy3qU-Gr,cdp8hun8nK8
PLmur3Z0Afau75F3r4GJp4mM7Foy3qU-Gr,APurVMddfNE
PLmur3Z0Afau75F3r4GJp4mM7Foy3qU-Gr,MI-FqD7XLu4
PLmur3Z0Afau75F3r4GJp4mM7Foy3qU-Gr,oLMF8TK-K5E
PLmur3Z0Afau75F3r4GJp4mM7Foy3qU-Gr,jniiYpNcEvE
PLmur3Z0Afau75F3r4GJp4mM7Foy3qU-Gr,1Xkf60upUPU
PLmur3Z0Afau75F3r4GJp4mM7Foy3qU-Gr,SD66p3XE_TE
PLmur3Z0Afau75F3r4GJp4mM7Foy3qU-Gr,Km91LPDFjCs
PLmur3Z0Afau75F3r4GJp4mM7Foy3qU-Gr,Dm5JvlvnZdM
PLmur3Z0Afau75F3r4GJp4mM7Foy3qU-Gr,T9MXw_hfAok
PLmur3Z0Afau75F3r4GJp4mM7Foy3qU-Gr,dS-QGTqphWE
PLmur3Z0Afau75F3r4GJp4mM7Foy3qU-Gr,f8fpEgydyoY
PLmur3Z0Afau75F3r4GJp4mM7Foy3qU-Gr,Dsbn93lT8eo
PLmur3Z0Afau75F3r4GJp4mM7Foy3qU-Gr,SYE8q9dGvns
PLmur3Z0Afau7iDN5m0fP45j6urbTXdREG,Uo6KRFh0za0
PLmur3Z0Afau7iDN5m0fP45j6urbTXdREG,vEA8HpR_Azw
PLmur3Z0Afau7iDN5m0fP45j6urbTXdREG,w6V7CILdVJM
PLmur3Z0Afau4xMQrGmNI20OUu1_jBWRIo,CSSg-jYH4L4
PLmur3Z0Afau4xMQrGmNI20OUu1_jBWRIo,rBA6jcA_1Y4
PLmur3Z0Afau4xMQrGmNI20OUu1_jBWRIo,O-j2dhQdk44
PLmur3Z0Afau4xMQrGmNI20OUu1_jBWRIo,dTXT7qORWJo
PLmur3Z0Afau4xMQrGmNI20OUu1_jBWRIo,mXKIy9AMios
PLmur3Z0Afau4xMQrGmNI20OUu1_jBWRIo,E20Ljm5D7yU
PLmur3Z0Afau4xMQrGmNI20OUu1_jBWRIo,tgnNgw1upyw
PLmur3Z0Afau4xMQrGmNI20OUu1_jBWRIo,sbgWwg2Ykew
PLmur3Z0Afau4xMQrGmNI20OUu1_jBWRIo,XuJ5HsV8mlQ
PLmur3Z0Afau4xMQrGmNI20OUu1_jBWRIo,uSEOfPg0Ki4
PLmur3Z0Afau4xMQrGmNI20OUu1_jBWRIo,K8-4CF6SeP0
PLmur3Z0Afau4xMQrGmNI20OUu1_jBWRIo,0TBQH7I-7p8
PLmur3Z0Afau4xMQrGmNI20OUu1_jBWRIo,JNuakLUjg24
PLmur3Z0Afau4xMQrGmNI20OUu1_jBWRIo,3kGbXplRKRc
PLmur3Z0Afau4xMQrGmNI20OUu1_jBWRIo,a_bP16bnavo
PLmur3Z0Afau4xMQrGmNI20OUu1_jBWRIo,FXXWHa4CpC8
PLmur3Z0Afau4xMQrGmNI20OUu1_jBWRIo,-maQu9ImArM
PLmur3Z0Afau4xMQrGmNI20OUu1_jBWRIo,k09DiIifPzQ
PLmur3Z0Afau4xMQrGmNI20OUu1_jBWRIo,_pCDAnQH84o
PLmur3Z0Afau4xMQrGmNI20OUu1_jBWRIo,3CZKZDpd3F4
PLmur3Z0Afau4xMQrGmNI20OUu1_jBWRIo,hD4xsk1vxqU
PLmur3Z0Afau4xMQrGmNI20OUu1_jBWRIo,z_ED02KFhP4
PLmur3Z0Afau4xMQrGmNI20OUu1_jBWRIo,OnDov0FCZk8
PLmur3Z0Afau4xMQrGmNI20OUu1_jBWRIo,57yJA0_XU_g
PLmur3Z0Afau4xMQrGmNI20OUu1_jBWRIo,rCzx_MTtb_U
PLmur3Z0Afau4xMQrGmNI20OUu1_jBWRIo,1CHt6Yo6sVE
PLmur3Z0Afau4xMQrGmNI20OUu1_jBWRIo,4bFJZZNp4Bg
PLmur3Z0Afau4xMQrGmNI20OUu1_jBWRIo,AkOkPs555kQ
PLmur3Z0Afau4xMQrGmNI20OUu1_jBWRIo,L4cth57-66k
PLmur3Z0Afau4xMQrGmNI20OUu1_jBWRIo,59w2G_L1OMo
PLmur3Z0Afau4xMQrGmNI20OUu1_jBWRIo,0YekHftrSy0
PLmur3Z0Afau4xMQrGmNI20OUu1_jBWRIo,V0zT3N3MnY8
PLmur3Z0Afau4xMQrGmNI20OUu1_jBWRIo,PNjynDybHxE
PLmur3Z0Afau4xMQrGmNI20OUu1_jBWRIo,-6aMgTX1rxA
PLmur3Z0Afau4xMQrGmNI20OUu1_jBWRIo,Dmpnrtey3YU
PLmur3Z0Afau4xMQrGmNI20OUu1_jBWRIo,UptbRuiNIu8
PLmur3Z0Afau4xMQrGmNI20OUu1_jBWRIo,KKkLytDZyp8
PLmur3Z0Afau4xMQrGmNI20OUu1_jBWRIo,e_vWB5bdbeE
PLmur3Z0Afau4xMQrGmNI20OUu1_jBWRIo,vilfFytYpfg
PLmur3Z0Afau4xMQrGmNI20OUu1_jBWRIo,6HiWolNnhVA
PLmur3Z0Afau4xMQrGmNI20OUu1_jBWRIo,kNjTsmfImeY
PLmur3Z0Afau4xMQrGmNI20OUu1_jBWRIo,D7uUtaaOuSQ
PLmur3Z0Afau4xMQrGmNI20OUu1_jBWRIo,GAuCQe2qqro
PLmur3Z0Afau4xMQrGmNI20OUu1_jBWRIo,g1s1RhnrIfM
PLmur3Z0Afau4xMQrGmNI20OUu1_jBWRIo,2-8KBByCbwE
PLmur3Z0Afau4xMQrGmNI20OUu1_jBWRIo,hkKGjXNQb4I
PLmur3Z0Afau4xMQrGmNI20OUu1_jBWRIo,KlFXl--H8eM
PLmur3Z0Afau4xMQrGmNI20OUu1_jBWRIo,loQWJaa1_hM
PLmur3Z0Afau4xMQrGmNI20OUu1_jBWRIo,4nVOhHo0puE
PLmur3Z0Afau4xMQrGmNI20OUu1_jBWRIo,MRyWyWIWhrc
PLmur3Z0Afau4xMQrGmNI20OUu1_jBWRIo,yiujIT_zeaQ
PLmur3Z0Afau4xMQrGmNI20OUu1_jBWRIo,FF62ss_CBlM
PLmur3Z0Afau4wSl9By0h8qIgOBbN9Zmhd,bG6bXMhy0Ps
PLmur3Z0Afau4wSl9By0h8qIgOBbN9Zmhd,oslN3LtaBqI
PLmur3Z0Afau4wSl9By0h8qIgOBbN9Zmhd,9JLKfP5uJ9E
PLmur3Z0Afau4wSl9By0h8qIgOBbN9Zmhd,uGkwc-JWdYw
PLmur3Z0Afau4wSl9By0h8qIgOBbN9Zmhd,5Y_5MozNiZk
PLmur3Z0Afau4wSl9By0h8qIgOBbN9Zmhd,0mdzlfQQSl8
PLmur3Z0Afau4wSl9By0h8qIgOBbN9Zmhd,uxyd6tAI-ZU
PLmur3Z0Afau4wSl9By0h8qIgOBbN9Zmhd,Asc_TrJllyo
PLmur3Z0Afau4wSl9By0h8qIgOBbN9Zmhd,8AKn-zJMIwY
PLmur3Z0Afau4wSl9By0h8qIgOBbN9Zmhd,sN1AVSZyFbY
PLmur3Z0Afau4wSl9By0h8qIgOBbN9Zmhd,nBjgngg6_bE
PLmur3Z0Afau4wSl9By0h8qIgOBbN9Zmhd,CSSg-jYH4L4
PLmur3Z0Afau4wSl9By0h8qIgOBbN9Zmhd,5JRf5CrGB5I
PLmur3Z0Afau4wSl9By0h8qIgOBbN9Zmhd,oAGx9HqGh3s
PLmur3Z0Afau4wSl9By0h8qIgOBbN9Zmhd,TTCDLykCk5I
PLmur3Z0Afau4wSl9By0h8qIgOBbN9Zmhd,HB4tp1lgx6M
PLmur3Z0Afau4wSl9By0h8qIgOBbN9Zmhd,xnpyTNK4U9U
PLmur3Z0Afau4wSl9By0h8qIgOBbN9Zmhd,Mn2wSBBQXe0
PLmur3Z0Afau4wSl9By0h8qIgOBbN9Zmhd,xFGuXOIKtWU
PLmur3Z0Afau4wSl9By0h8qIgOBbN9Zmhd,rBA6jcA_1Y4
PLmur3Z0Afau4wSl9By0h8qIgOBbN9Zmhd,O-j2dhQdk44
PLmur3Z0Afau4wSl9By0h8qIgOBbN9Zmhd,dTXT7qORWJo
PLmur3Z0Afau4wSl9By0h8qIgOBbN9Zmhd,2cO3SSN1-qc
PLmur3Z0Afau4wSl9By0h8qIgOBbN9Zmhd,psDt60SP_UI
PLmur3Z0Afau4wSl9By0h8qIgOBbN9Zmhd,6f2jANwqhJE
PLmur3Z0Afau4wSl9By0h8qIgOBbN9Zmhd,mXKIy9AMios
PLmur3Z0Afau4wSl9By0h8qIgOBbN9Zmhd,FTnX0hFew6Q
PLmur3Z0Afau4wSl9By0h8qIgOBbN9Zmhd,E20Ljm5D7yU
PLmur3Z0Afau4wSl9By0h8qIgOBbN9Zmhd,zJg7j5ge9EM
PLmur3Z0Afau4wSl9By0h8qIgOBbN9Zmhd,-d8sNML3WT8
PLmur3Z0Afau4wSl9By0h8qIgOBbN9Zmhd,BORVxbsdkCM
PLmur3Z0Afau4wSl9By0h8qIgOBbN9Zmhd,XuJ5HsV8mlQ
PLmur3Z0Afau4wSl9By0h8qIgOBbN9Zmhd,uSEOfPg0Ki4
PLmur3Z0Afau4wSl9By0h8qIgOBbN9Zmhd,b5k2ewUwInc
PLmur3Z0Afau4wSl9By0h8qIgOBbN9Zmhd,ug9IA4lE-3I
PLmur3Z0Afau4wSl9By0h8qIgOBbN9Zmhd,pV2lSlpzrww
PLmur3Z0Afau4wSl9By0h8qIgOBbN9Zmhd,VMzw6H38ZlM
PLmur3Z0Afau4wSl9By0h8qIgOBbN9Zmhd,0uyBJ4ZbsNg
PLmur3Z0Afau4wSl9By0h8qIgOBbN9Zmhd,LrXmvsLjudo
PLmur3Z0Afau4wSl9By0h8qIgOBbN9Zmhd,ygAR3E0xoJQ
PLmur3Z0Afau4wSl9By0h8qIgOBbN9Zmhd,r3xzJbXy1eU
PLmur3Z0Afau4wSl9By0h8qIgOBbN9Zmhd,p1PEUGGTv4w
PLmur3Z0Afau4wSl9By0h8qIgOBbN9Zmhd,UWs6fbMdEzA
PLmur3Z0Afau4wSl9By0h8qIgOBbN9Zmhd,0TBQH7I-7p8
PLmur3Z0Afau4wSl9By0h8qIgOBbN9Zmhd,1-GRAe0A5XA
PLmur3Z0Afau4wSl9By0h8qIgOBbN9Zmhd,o3oqto7AHIs
PLmur3Z0Afau4wSl9By0h8qIgOBbN9Zmhd,UkHg42b22U4
PLmur3Z0Afau4wSl9By0h8qIgOBbN9Zmhd,a_bP16bnavo
PLmur3Z0Afau4wSl9By0h8qIgOBbN9Zmhd,FXXWHa4CpC8
PLmur3Z0Afau4wSl9By0h8qIgOBbN9Zmhd,UijpPTEuJgY
PLmur3Z0Afau4wSl9By0h8qIgOBbN9Zmhd,26pEG7Ghgpg
PLmur3Z0Afau4wSl9By0h8qIgOBbN9Zmhd,-maQu9ImArM
PLmur3Z0Afau4wSl9By0h8qIgOBbN9Zmhd,k09DiIifPzQ
PLmur3Z0Afau4wSl9By0h8qIgOBbN9Zmhd,INPVJmro59k
PLmur3Z0Afau4wSl9By0h8qIgOBbN9Zmhd,_pCDAnQH84o
PLmur3Z0Afau4wSl9By0h8qIgOBbN9Zmhd,3CZKZDpd3F4
PLmur3Z0Afau4wSl9By0h8qIgOBbN9Zmhd,c-X6KK4D8GQ
PLmur3Z0Afau4wSl9By0h8qIgOBbN9Zmhd,36dy4nMR0X8
PLmur3Z0Afau4wSl9By0h8qIgOBbN9Zmhd,hD4xsk1vxqU
PLmur3Z0Afau4wSl9By0h8qIgOBbN9Zmhd,OnDov0FCZk8
PLmur3Z0Afau4wSl9By0h8qIgOBbN9Zmhd,bRRArEWXYbA
PLmur3Z0Afau4wSl9By0h8qIgOBbN9Zmhd,57yJA0_XU_g
PLmur3Z0Afau4wSl9By0h8qIgOBbN9Zmhd,rCzx_MTtb_U
PLmur3Z0Afau4wSl9By0h8qIgOBbN9Zmhd,vZaBeKdc4cs
PLmur3Z0Afau4wSl9By0h8qIgOBbN9Zmhd,OsDuXBMOdNs
PLmur3Z0Afau4wSl9By0h8qIgOBbN9Zmhd,1CHt6Yo6sVE
PLmur3Z0Afau4wSl9By0h8qIgOBbN9Zmhd,ymPnJOIh_D0
PLmur3Z0Afau4wSl9By0h8qIgOBbN9Zmhd,4bFJZZNp4Bg
PLmur3Z0Afau4wSl9By0h8qIgOBbN9Zmhd,L4cth57-66k
PLmur3Z0Afau4wSl9By0h8qIgOBbN9Zmhd,59w2G_L1OMo
PLmur3Z0Afau4wSl9By0h8qIgOBbN9Zmhd,0YekHftrSy0
PLmur3Z0Afau4wSl9By0h8qIgOBbN9Zmhd,V0zT3N3MnY8
PLmur3Z0Afau4wSl9By0h8qIgOBbN9Zmhd,SlSoZsbuD-Y
PLmur3Z0Afau4wSl9By0h8qIgOBbN9Zmhd,QIwpNKfy4sg
PLmur3Z0Afau4wSl9By0h8qIgOBbN9Zmhd,-6aMgTX1rxA
PLmur3Z0Afau4wSl9By0h8qIgOBbN9Zmhd,Dmpnrtey3YU
PLmur3Z0Afau4wSl9By0h8qIgOBbN9Zmhd,UptbRuiNIu8
PLmur3Z0Afau4wSl9By0h8qIgOBbN9Zmhd,GSuFSYY-X9w
PLmur3Z0Afau4wSl9By0h8qIgOBbN9Zmhd,JV53POhKCvI
PLmur3Z0Afau4wSl9By0h8qIgOBbN9Zmhd,e_vWB5bdbeE
PLmur3Z0Afau4wSl9By0h8qIgOBbN9Zmhd,IVXqisH6VeM
PLmur3Z0Afau4wSl9By0h8qIgOBbN9Zmhd,vilfFytYpfg
PLmur3Z0Afau4wSl9By0h8qIgOBbN9Zmhd,6HiWolNnhVA
PLmur3Z0Afau4wSl9By0h8qIgOBbN9Zmhd,ymjWeQhic0s
PLmur3Z0Afau4wSl9By0h8qIgOBbN9Zmhd,ujYmQ5PlOAo
PLmur3Z0Afau4wSl9By0h8qIgOBbN9Zmhd,kNjTsmfImeY
PLmur3Z0Afau4wSl9By0h8qIgOBbN9Zmhd,iztEcBMFcjA
PLmur3Z0Afau4wSl9By0h8qIgOBbN9Zmhd,KnMSOHCjJuc
PLmur3Z0Afau4wSl9By0h8qIgOBbN9Zmhd,D7uUtaaOuSQ
PLmur3Z0Afau4wSl9By0h8qIgOBbN9Zmhd,u0GMaP0M6w0
PLmur3Z0Afau4wSl9By0h8qIgOBbN9Zmhd,GAuCQe2qqro
PLmur3Z0Afau4wSl9By0h8qIgOBbN9Zmhd,_xOj9bLkYVQ
PLmur3Z0Afau4wSl9By0h8qIgOBbN9Zmhd,b3xOKlvlkHY
PLmur3Z0Afau4wSl9By0h8qIgOBbN9Zmhd,g1s1RhnrIfM
PLmur3Z0Afau4wSl9By0h8qIgOBbN9Zmhd,HSMT5eZv7lA
PLmur3Z0Afau4wSl9By0h8qIgOBbN9Zmhd,A-DEq8E-2nQ
PLmur3Z0Afau4wSl9By0h8qIgOBbN9Zmhd,hkKGjXNQb4I
PLmur3Z0Afau4wSl9By0h8qIgOBbN9Zmhd,AdqrlY7PWs4
PLmur3Z0Afau4wSl9By0h8qIgOBbN9Zmhd,KlFXl--H8eM
PLmur3Z0Afau4wSl9By0h8qIgOBbN9Zmhd,DxmgJQArYGg
PLmur3Z0Afau4wSl9By0h8qIgOBbN9Zmhd,loQWJaa1_hM
PLmur3Z0Afau4wSl9By0h8qIgOBbN9Zmhd,Rt16uOqImI0
PLmur3Z0Afau4wSl9By0h8qIgOBbN9Zmhd,4nVOhHo0puE
PLmur3Z0Afau4wSl9By0h8qIgOBbN9Zmhd,i9bt1W4SyRI
PLmur3Z0Afau4wSl9By0h8qIgOBbN9Zmhd,4W5HisI7LmA
PLmur3Z0Afau4wSl9By0h8qIgOBbN9Zmhd,gXut69PYiAE
PLmur3Z0Afau4wSl9By0h8qIgOBbN9Zmhd,MRyWyWIWhrc
PLmur3Z0Afau4wSl9By0h8qIgOBbN9Zmhd,TnoGsbl2ANo
PLmur3Z0Afau4wSl9By0h8qIgOBbN9Zmhd,R4D1hvNo_sY
PLmur3Z0Afau4wSl9By0h8qIgOBbN9Zmhd,LS8wuGu9CUo
PLmur3Z0Afau4wSl9By0h8qIgOBbN9Zmhd,FF62ss_CBlM
PLmur3Z0Afau4wSl9By0h8qIgOBbN9Zmhd,HTO0Cswnnuc
PLmur3Z0Afau4wSl9By0h8qIgOBbN9Zmhd,0s3sHxarTZ8
PLmur3Z0Afau4wSl9By0h8qIgOBbN9Zmhd,QPRpWg_wU0A
PLmur3Z0Afau4wSl9By0h8qIgOBbN9Zmhd,y5uX143hx38
PLmur3Z0Afau4wSl9By0h8qIgOBbN9Zmhd,N88TwF4D2PI
PLmur3Z0Afau4wSl9By0h8qIgOBbN9Zmhd,xSFh0rsidPU
PLmur3Z0Afau4wSl9By0h8qIgOBbN9Zmhd,M6joZsJpXWM
PLmur3Z0Afau4wSl9By0h8qIgOBbN9Zmhd,c6pgR4yEYVE
PLmur3Z0Afau4wSl9By0h8qIgOBbN9Zmhd,-XjlV236RKU
PLmur3Z0Afau4wSl9By0h8qIgOBbN9Zmhd,6XnKDD5mXfY
PLmur3Z0Afau4wSl9By0h8qIgOBbN9Zmhd,vq59vxXE5eE
PLmur3Z0Afau4wSl9By0h8qIgOBbN9Zmhd,TZV00QNH_90
PLmur3Z0Afau4wSl9By0h8qIgOBbN9Zmhd,k88Cu5SoABg
PLmur3Z0Afau4wSl9By0h8qIgOBbN9Zmhd,ZEMi3s2IDS8
PLmur3Z0Afau4wSl9By0h8qIgOBbN9Zmhd,EE7NqzhMDms
PLmur3Z0Afau4wSl9By0h8qIgOBbN9Zmhd,agLUDl4YpQg
PLmur3Z0Afau4wSl9By0h8qIgOBbN9Zmhd,82KfhJ3u45g
PLmur3Z0Afau4wSl9By0h8qIgOBbN9Zmhd,gfQl21pBnlk
PLmur3Z0Afau4wSl9By0h8qIgOBbN9Zmhd,-Tg9xiJ6D6k
PLmur3Z0Afau4wSl9By0h8qIgOBbN9Zmhd,sBHUtz2y5a4
PLmur3Z0Afau4wSl9By0h8qIgOBbN9Zmhd,CXTZVKYYyig
PLmur3Z0Afau4wSl9By0h8qIgOBbN9Zmhd,FfZQY089YIo
PLmur3Z0Afau4wSl9By0h8qIgOBbN9Zmhd,fEkpAYhIcI4
PLmur3Z0Afau4wSl9By0h8qIgOBbN9Zmhd,7dZmeh_28Eo
PLmur3Z0Afau4wSl9By0h8qIgOBbN9Zmhd,k4URGc_3FrE
PLmur3Z0Afau4wSl9By0h8qIgOBbN9Zmhd,Qwg2JYRDpQs
PLmur3Z0Afau4wSl9By0h8qIgOBbN9Zmhd,cs5L3c40cvk
PLmur3Z0Afau4wSl9By0h8qIgOBbN9Zmhd,NoJwmTojdWk
PLmur3Z0Afau4wSl9By0h8qIgOBbN9Zmhd,tGvGLRDNRXY
PLmur3Z0Afau4wSl9By0h8qIgOBbN9Zmhd,RA9wxEbnhVU
PLmur3Z0Afau4wSl9By0h8qIgOBbN9Zmhd,KZAp4r0n0B0
PLmur3Z0Afau4wSl9By0h8qIgOBbN9Zmhd,mn6650M3M-U
PLmur3Z0Afau4wSl9By0h8qIgOBbN9Zmhd,nTmF26NUZTA
PLmur3Z0Afau4wSl9By0h8qIgOBbN9Zmhd,DMrMjZAF3XI
PLmur3Z0Afau4wSl9By0h8qIgOBbN9Zmhd,689nDiplmIk
PLmur3Z0Afau4wSl9By0h8qIgOBbN9Zmhd,7PM4sYl3dsI
PLmur3Z0Afau4wSl9By0h8qIgOBbN9Zmhd,DPU-k823BPs
PLmur3Z0Afau4wSl9By0h8qIgOBbN9Zmhd,XW-ejnjlj_4
PLmur3Z0Afau4wSl9By0h8qIgOBbN9Zmhd,9bi7BDbaUSA
PLmur3Z0Afau4wSl9By0h8qIgOBbN9Zmhd,VLD0Z_r0B8U
PLmur3Z0Afau4wSl9By0h8qIgOBbN9Zmhd,fIGB-yVsLms
PLmur3Z0Afau4wSl9By0h8qIgOBbN9Zmhd,rNP0eMgpt78
PLmur3Z0Afau4wSl9By0h8qIgOBbN9Zmhd,S9F-u4T7leQ
PLmur3Z0Afau4wSl9By0h8qIgOBbN9Zmhd,-ECqbfX0IUA
PLmur3Z0Afau4wSl9By0h8qIgOBbN9Zmhd,8LMioQGsFFw
PLmur3Z0Afau4wSl9By0h8qIgOBbN9Zmhd,nMQOSj2MkxU
PLmur3Z0Afau4wSl9By0h8qIgOBbN9Zmhd,_1utBGvW5rM
PLmur3Z0Afau4wSl9By0h8qIgOBbN9Zmhd,Y_ozeboWz-0
PLmur3Z0Afau4wSl9By0h8qIgOBbN9Zmhd,dgzwxRSJyfw
PLmur3Z0Afau4wSl9By0h8qIgOBbN9Zmhd,vA_j6rjsBec
PLmur3Z0Afau4wSl9By0h8qIgOBbN9Zmhd,fP2WUnBjmkk
PLmur3Z0Afau4wSl9By0h8qIgOBbN9Zmhd,Drg8beQFS5M
PLmur3Z0Afau4wSl9By0h8qIgOBbN9Zmhd,NUzDLpSkQTg
PLmur3Z0Afau4wSl9By0h8qIgOBbN9Zmhd,_SZujgXkpKM
PLmur3Z0Afau4wSl9By0h8qIgOBbN9Zmhd,ydCv7repAHs
PLmur3Z0Afau4wSl9By0h8qIgOBbN9Zmhd,bK4AWtTV3h4
PLmur3Z0Afau4wSl9By0h8qIgOBbN9Zmhd,JeGHtDtwmAc
PLmur3Z0Afau4wSl9By0h8qIgOBbN9Zmhd,xvY_TcBn2Gs
PLmur3Z0Afau4wSl9By0h8qIgOBbN9Zmhd,zKqfC0E82gU
PLmur3Z0Afau4wSl9By0h8qIgOBbN9Zmhd,P6kIgbMlHow
PLmur3Z0Afau4wSl9By0h8qIgOBbN9Zmhd,YooFwA7xj18
PLmur3Z0Afau4wSl9By0h8qIgOBbN9Zmhd,uPo_wmR4a68
PLmur3Z0Afau4wSl9By0h8qIgOBbN9Zmhd,GZwbhgS9fuc
PLmur3Z0Afau4wSl9By0h8qIgOBbN9Zmhd,RQ1nY51txoA
PLmur3Z0Afau4wSl9By0h8qIgOBbN9Zmhd,QCQ_d0NOF4g
PLmur3Z0Afau4wSl9By0h8qIgOBbN9Zmhd,767UcLMZTbo
PLmur3Z0Afau4wSl9By0h8qIgOBbN9Zmhd,lBBj-K_qfIw
PLmur3Z0Afau4wSl9By0h8qIgOBbN9Zmhd,D2aZkpam2Ms
PLmur3Z0Afau4wSl9By0h8qIgOBbN9Zmhd,_S2lYXf-uu0
PLmur3Z0Afau4wSl9By0h8qIgOBbN9Zmhd,zl--sl_Q8to
PLmur3Z0Afau4wSl9By0h8qIgOBbN9Zmhd,9CTzhqVHmww
PLmur3Z0Afau4wSl9By0h8qIgOBbN9Zmhd,JguUVIpFRg4
PLmur3Z0Afau4wSl9By0h8qIgOBbN9Zmhd,iib_imkZ5fk
PLmur3Z0Afau4wSl9By0h8qIgOBbN9Zmhd,6gr_gMSF0c0
PLmur3Z0Afau4wSl9By0h8qIgOBbN9Zmhd,IYRmHjA1HiA
PLmur3Z0Afau4wSl9By0h8qIgOBbN9Zmhd,cXeQJBghvRw
PLmur3Z0Afau4wSl9By0h8qIgOBbN9Zmhd,2YntFbFRnvs
PLmur3Z0Afau4wSl9By0h8qIgOBbN9Zmhd,67GVKHXqB48
PLmur3Z0Afau4wSl9By0h8qIgOBbN9Zmhd,YmtIrYXlGRM
PLmur3Z0Afau4wSl9By0h8qIgOBbN9Zmhd,j6bGZXk6F2E
PLmur3Z0Afau4wSl9By0h8qIgOBbN9Zmhd,YKPHYk4GB4g
PLmur3Z0Afau4wSl9By0h8qIgOBbN9Zmhd,0O0yi8YgYbs
PLmur3Z0Afau4wSl9By0h8qIgOBbN9Zmhd,OtyD9EXB2pA
PLmur3Z0Afau4wSl9By0h8qIgOBbN9Zmhd,wuUpIs6dMrY
PLmur3Z0Afau4wSl9By0h8qIgOBbN9Zmhd,O0ihGlsLL1Y
PLmur3Z0Afau4wSl9By0h8qIgOBbN9Zmhd,DD8fnZbc0dQ
PLmur3Z0Afau4wSl9By0h8qIgOBbN9Zmhd,QabHUUwC1tA
PLmur3Z0Afau4wSl9By0h8qIgOBbN9Zmhd,o8ggBZg7llY
PLmur3Z0Afau4wSl9By0h8qIgOBbN9Zmhd,dlerL_QPMJk
PLmur3Z0Afau4wSl9By0h8qIgOBbN9Zmhd,6Fy1suDnO3o
PLmur3Z0Afau4wSl9By0h8qIgOBbN9Zmhd,X5xXYy0E63M
PLmur3Z0Afau4wSl9By0h8qIgOBbN9Zmhd,7uk3-sjbaMQ
PLmur3Z0Afau4wSl9By0h8qIgOBbN9Zmhd,tEtwhubOdf0
PLmur3Z0Afau4wSl9By0h8qIgOBbN9Zmhd,7Ycd8zEdoVk
PLmur3Z0Afau4wSl9By0h8qIgOBbN9Zmhd,t_MIi3m8D2o
PLmur3Z0Afau4wSl9By0h8qIgOBbN9Zmhd,YFvwQDaCKFc
PLmur3Z0Afau4wSl9By0h8qIgOBbN9Zmhd,-zFl79CCjTM
PLmur3Z0Afau4wSl9By0h8qIgOBbN9Zmhd,Ej7jx0x_MR0
PLmur3Z0Afau4wSl9By0h8qIgOBbN9Zmhd,sRH5KzNQxmc
PLmur3Z0Afau4wSl9By0h8qIgOBbN9Zmhd,MKeBMWFUApg
PLmur3Z0Afau4wSl9By0h8qIgOBbN9Zmhd,c3wpLPQPfoI
PLmur3Z0Afau4wSl9By0h8qIgOBbN9Zmhd,kQMSUcvl06o
PLmur3Z0Afau4wSl9By0h8qIgOBbN9Zmhd,opQBithWVdI
PLmur3Z0Afau4wSl9By0h8qIgOBbN9Zmhd,Cv-60ZA-PnM
PLmur3Z0Afau4wSl9By0h8qIgOBbN9Zmhd,setJXT-K2CQ
PLmur3Z0Afau4wSl9By0h8qIgOBbN9Zmhd,mYVKlQPsATY
PLmur3Z0Afau4wSl9By0h8qIgOBbN9Zmhd,lZPUK1GdoTY
PLmur3Z0Afau4wSl9By0h8qIgOBbN9Zmhd,3752x4PgpYE
PLmur3Z0Afau4wSl9By0h8qIgOBbN9Zmhd,LgQZWSlLBnA
PLmur3Z0Afau4wSl9By0h8qIgOBbN9Zmhd,NekZK0vXyqc
PLmur3Z0Afau6qBTAl-qI7HQZVCEPtU5MC,bG6bXMhy0Ps
PLmur3Z0Afau6qBTAl-qI7HQZVCEPtU5MC,oslN3LtaBqI
PLmur3Z0Afau6qBTAl-qI7HQZVCEPtU5MC,uGkwc-JWdYw
PLmur3Z0Afau6qBTAl-qI7HQZVCEPtU5MC,5Y_5MozNiZk
PLmur3Z0Afau6qBTAl-qI7HQZVCEPtU5MC,0mdzlfQQSl8
PLmur3Z0Afau6qBTAl-qI7HQZVCEPtU5MC,uxyd6tAI-ZU
PLmur3Z0Afau6qBTAl-qI7HQZVCEPtU5MC,Asc_TrJllyo
PLmur3Z0Afau6qBTAl-qI7HQZVCEPtU5MC,8AKn-zJMIwY
PLmur3Z0Afau6qBTAl-qI7HQZVCEPtU5MC,sN1AVSZyFbY
PLmur3Z0Afau6qBTAl-qI7HQZVCEPtU5MC,nBjgngg6_bE
PLmur3Z0Afau6qBTAl-qI7HQZVCEPtU5MC,CSSg-jYH4L4
PLmur3Z0Afau6qBTAl-qI7HQZVCEPtU5MC,5JRf5CrGB5I
PLmur3Z0Afau6qBTAl-qI7HQZVCEPtU5MC,oAGx9HqGh3s
PLmur3Z0Afau6qBTAl-qI7HQZVCEPtU5MC,TTCDLykCk5I
PLmur3Z0Afau6qBTAl-qI7HQZVCEPtU5MC,HB4tp1lgx6M
PLmur3Z0Afau6qBTAl-qI7HQZVCEPtU5MC,XXQewYll9m4
PLmur3Z0Afau6qBTAl-qI7HQZVCEPtU5MC,HTO0Cswnnuc
PLmur3Z0Afau6qBTAl-qI7HQZVCEPtU5MC,ieQQMxW9A6E
PLmur3Z0Afau7dpUvROOF48MXXG0oldyZ-,elk3cObSTEs
PLmur3Z0Afau7dpUvROOF48MXXG0oldyZ-,_C1LIt-otsM
PLmur3Z0Afau7dpUvROOF48MXXG0oldyZ-,_qp-5x4dAig
PLmur3Z0Afau7dpUvROOF48MXXG0oldyZ-,JoSC_I2kwMg
PLmur3Z0Afau7dpUvROOF48MXXG0oldyZ-,dEMKVFbO5V0
PLmur3Z0Afau7dpUvROOF48MXXG0oldyZ-,g9NHSc9Dnkc
PLmur3Z0Afau7dpUvROOF48MXXG0oldyZ-,EiQKDLhZbd8
PLmur3Z0Afau7dpUvROOF48MXXG0oldyZ-,LgBiizGVe5Q
PLmur3Z0Afau7dpUvROOF48MXXG0oldyZ-,nl0E-UhKB5E
PLmur3Z0Afau7dpUvROOF48MXXG0oldyZ-,aMsriEaKWeg
PLmur3Z0Afau7dpUvROOF48MXXG0oldyZ-,XpqY-2VC7DE
PLmur3Z0Afau7dpUvROOF48MXXG0oldyZ-,kyufv628j7k
PLmur3Z0Afau7dpUvROOF48MXXG0oldyZ-,yStkQ5saemA
PLmur3Z0Afau7dpUvROOF48MXXG0oldyZ-,rGL8VjAx-Vo
PLmur3Z0Afau7dpUvROOF48MXXG0oldyZ-,udyzVnm-1sc
PLmur3Z0Afau7dpUvROOF48MXXG0oldyZ-,Nw62AxyIRLw
PLmur3Z0Afau7dpUvROOF48MXXG0oldyZ-,_iwW5PQcdGw
PLmur3Z0Afau7dpUvROOF48MXXG0oldyZ-,npYYbB65Uto
PLmur3Z0Afau7dpUvROOF48MXXG0oldyZ-,R5Vt-xhso0Y
PLmur3Z0Afau7dpUvROOF48MXXG0oldyZ-,PYnGZNPPa8g
PLmur3Z0Afau7dpUvROOF48MXXG0oldyZ-,2ALeYFi_1hg
PLmur3Z0Afau7dpUvROOF48MXXG0oldyZ-,8Ac1TnYXLc8
PLmur3Z0Afau7dpUvROOF48MXXG0oldyZ-,e5qaT7btWeU
PLmur3Z0Afau7dpUvROOF48MXXG0oldyZ-,8MapFmEnDa4
PLmur3Z0Afau7dpUvROOF48MXXG0oldyZ-,3Sqm_v49zno
PLmur3Z0Afau7dpUvROOF48MXXG0oldyZ-,GxCQ_040RXE
PLmur3Z0Afau7dpUvROOF48MXXG0oldyZ-,zp2XXT2plPI
PLmur3Z0Afau7dpUvROOF48MXXG0oldyZ-,nn4QhlMTnKs
PLmur3Z0Afau7dpUvROOF48MXXG0oldyZ-,0sIwZYLpXPM
PLmur3Z0Afau7dpUvROOF48MXXG0oldyZ-,yj4MxtHMOIM
PLmur3Z0Afau7dpUvROOF48MXXG0oldyZ-,JxrAcUHsWzs
PLmur3Z0Afau7dpUvROOF48MXXG0oldyZ-,cvr2Keh64cQ
PLmur3Z0Afau7dpUvROOF48MXXG0oldyZ-,_zG1S87ptSA
PLmur3Z0Afau7dpUvROOF48MXXG0oldyZ-,fC7O6eMCgYs
PLmur3Z0Afau7dpUvROOF48MXXG0oldyZ-,60CQ4WmDLcQ
PLmur3Z0Afau7dpUvROOF48MXXG0oldyZ-,XPrUCcHd3mo
PLmur3Z0Afau7dpUvROOF48MXXG0oldyZ-,5OHBqljDwjA
PLmur3Z0Afau7dpUvROOF48MXXG0oldyZ-,jpSRHB-wJ14
PLmur3Z0Afau7GD8hLBHYx-Eh_ZgSPaNoD,QPRpWg_wU0A
PLmur3Z0Afau7GD8hLBHYx-Eh_ZgSPaNoD,y5uX143hx38
PLmur3Z0Afau7GD8hLBHYx-Eh_ZgSPaNoD,N88TwF4D2PI
PLmur3Z0Afau7GD8hLBHYx-Eh_ZgSPaNoD,xSFh0rsidPU
PLmur3Z0Afau7GD8hLBHYx-Eh_ZgSPaNoD,c6pgR4yEYVE
PLmur3Z0Afau7GD8hLBHYx-Eh_ZgSPaNoD,-XjlV236RKU
PLmur3Z0Afau7GD8hLBHYx-Eh_ZgSPaNoD,6XnKDD5mXfY
PLmur3Z0Afau7GD8hLBHYx-Eh_ZgSPaNoD,k88Cu5SoABg
PLmur3Z0Afau7GD8hLBHYx-Eh_ZgSPaNoD,ZEMi3s2IDS8
PLmur3Z0Afau7GD8hLBHYx-Eh_ZgSPaNoD,EE7NqzhMDms
PLmur3Z0Afau7GD8hLBHYx-Eh_ZgSPaNoD,aUMFZvVwx5o
PLmur3Z0Afau7GD8hLBHYx-Eh_ZgSPaNoD,CXTZVKYYyig
PLmur3Z0Afau7GD8hLBHYx-Eh_ZgSPaNoD,7dZmeh_28Eo
PLmur3Z0Afau7GD8hLBHYx-Eh_ZgSPaNoD,k4URGc_3FrE
PLmur3Z0Afau7GD8hLBHYx-Eh_ZgSPaNoD,Qwg2JYRDpQs
PLmur3Z0Afau7GD8hLBHYx-Eh_ZgSPaNoD,NoJwmTojdWk
PLmur3Z0Afau7GD8hLBHYx-Eh_ZgSPaNoD,RA9wxEbnhVU
PLmur3Z0Afau7GD8hLBHYx-Eh_ZgSPaNoD,KZAp4r0n0B0
PLmur3Z0Afau7GD8hLBHYx-Eh_ZgSPaNoD,mn6650M3M-U
PLmur3Z0Afau7GD8hLBHYx-Eh_ZgSPaNoD,DPU-k823BPs
PLmur3Z0Afau7GD8hLBHYx-Eh_ZgSPaNoD,XW-ejnjlj_4
PLmur3Z0Afau7GD8hLBHYx-Eh_ZgSPaNoD,9bi7BDbaUSA
PLmur3Z0Afau7GD8hLBHYx-Eh_ZgSPaNoD,fIGB-yVsLms
PLmur3Z0Afau7GD8hLBHYx-Eh_ZgSPaNoD,rNP0eMgpt78
PLmur3Z0Afau7GD8hLBHYx-Eh_ZgSPaNoD,S9F-u4T7leQ
PLmur3Z0Afau7GD8hLBHYx-Eh_ZgSPaNoD,_1utBGvW5rM
PLmur3Z0Afau4j8OVNAX51WRNGY-K4npn4,KOrMUH_199M
PLmur3Z0Afau4j8OVNAX51WRNGY-K4npn4,agLUDl4YpQg
PLmur3Z0Afau4j8OVNAX51WRNGY-K4npn4,82KfhJ3u45g
PLmur3Z0Afau4j8OVNAX51WRNGY-K4npn4,gfQl21pBnlk
PLmur3Z0Afau4j8OVNAX51WRNGY-K4npn4,sBHUtz2y5a4
PLmur3Z0Afau4j8OVNAX51WRNGY-K4npn4,FfZQY089YIo
PLmur3Z0Afau4j8OVNAX51WRNGY-K4npn4,fEkpAYhIcI4
PLmur3Z0Afau4j8OVNAX51WRNGY-K4npn4,cs5L3c40cvk
PLmur3Z0Afau4j8OVNAX51WRNGY-K4npn4,tGvGLRDNRXY
PLmur3Z0Afau4j8OVNAX51WRNGY-K4npn4,nTmF26NUZTA
PLmur3Z0Afau4j8OVNAX51WRNGY-K4npn4,DMrMjZAF3XI
PLmur3Z0Afau4j8OVNAX51WRNGY-K4npn4,689nDiplmIk
PLmur3Z0Afau4j8OVNAX51WRNGY-K4npn4,7PM4sYl3dsI
PLmur3Z0Afau4j8OVNAX51WRNGY-K4npn4,VLD0Z_r0B8U
PLmur3Z0Afau7p-Au2E1uYKYVPNE2b62dN,J5ICLh_TkWM
PLmur3Z0Afau7p-Au2E1uYKYVPNE2b62dN,SxUkMG2Io4w
PLmur3Z0Afau7p-Au2E1uYKYVPNE2b62dN,i8zQtMUmRTM
PLmur3Z0Afau7p-Au2E1uYKYVPNE2b62dN,4PqlxrKbUSk
PLmur3Z0Afau7p-Au2E1uYKYVPNE2b62dN,FChEek0NSOI
PLmur3Z0Afau7p-Au2E1uYKYVPNE2b62dN,B6FVwNiR1XI
PLmur3Z0Afau7p-Au2E1uYKYVPNE2b62dN,QbmfLjBUSV8
PLmur3Z0Afau7p-Au2E1uYKYVPNE2b62dN,qNEMAklFF0I
PLmur3Z0Afau7p-Au2E1uYKYVPNE2b62dN,lGlC0KZr8rY
PLmur3Z0Afau7p-Au2E1uYKYVPNE2b62dN,BqjvHfLkc7M
PLmur3Z0Afau7p-Au2E1uYKYVPNE2b62dN,h1zDJ1qZTlg
PLmur3Z0Afau7p-Au2E1uYKYVPNE2b62dN,lHgBJT1_x9A
PLmur3Z0Afau7p-Au2E1uYKYVPNE2b62dN,C032oem5eaY
PLmur3Z0Afau7p-Au2E1uYKYVPNE2b62dN,IFQ9zQekRio
PLmur3Z0Afau7p-Au2E1uYKYVPNE2b62dN,_lsC0aXyY6g
PLmur3Z0Afau7p-Au2E1uYKYVPNE2b62dN,hw4CH-Jg6lY
PLmur3Z0Afau7p-Au2E1uYKYVPNE2b62dN,4gEczsNlkGM
PLmur3Z0Afau7p-Au2E1uYKYVPNE2b62dN,u_9ngalquVU
PLmur3Z0Afau7p-Au2E1uYKYVPNE2b62dN,2fXiboAGQvM
PLmur3Z0Afau7p-Au2E1uYKYVPNE2b62dN,fYFkDnN8IIo
PLmur3Z0Afau7p-Au2E1uYKYVPNE2b62dN,CLGECtXRz3A
PLmur3Z0Afau7p-Au2E1uYKYVPNE2b62dN,L8pEdHzQcik
PLmur3Z0Afau7p-Au2E1uYKYVPNE2b62dN,v8QnB5q9aGo
PLmur3Z0Afau7p-Au2E1uYKYVPNE2b62dN,-mzNkl9RQvI
PLmur3Z0Afau7p-Au2E1uYKYVPNE2b62dN,kB-_BBMCq1g
PLmur3Z0Afau7p-Au2E1uYKYVPNE2b62dN,hV_-yJ6NiP8
PLmur3Z0Afau7p-Au2E1uYKYVPNE2b62dN,6qJV34pcOaw
PLmur3Z0Afau7p-Au2E1uYKYVPNE2b62dN,PlCwFNMqS4s
PLmur3Z0Afau7p-Au2E1uYKYVPNE2b62dN,mSgN8icEqLE
PLmur3Z0Afau7p-Au2E1uYKYVPNE2b62dN,b49EkyzsBv0
PLmur3Z0Afau7p-Au2E1uYKYVPNE2b62dN,N-3oHccgenE
PLmur3Z0Afau7p-Au2E1uYKYVPNE2b62dN,337OhJZ-_cc
PLmur3Z0Afau7p-Au2E1uYKYVPNE2b62dN,7bP2kWOGl4Q
PLmur3Z0Afau7p-Au2E1uYKYVPNE2b62dN,e-iL2hzVePM
PLmur3Z0Afau7p-Au2E1uYKYVPNE2b62dN,pvBY0IfgeYo
PLmur3Z0Afau7p-Au2E1uYKYVPNE2b62dN,fKunfiL_Kyc
PLmur3Z0Afau7p-Au2E1uYKYVPNE2b62dN,eLxi7uGfZ84
PLmur3Z0Afau7p-Au2E1uYKYVPNE2b62dN,PXruTo0gaX4
PLmur3Z0Afau7p-Au2E1uYKYVPNE2b62dN,_Qo2Nrd4Vrs
PLmur3Z0Afau7p-Au2E1uYKYVPNE2b62dN,GK-BHZs7GxE
PLmur3Z0Afau7p-Au2E1uYKYVPNE2b62dN,cfXLetUS-co
PLmur3Z0Afau7p-Au2E1uYKYVPNE2b62dN,Z5hDJNCjjzk
PLmur3Z0Afau7p-Au2E1uYKYVPNE2b62dN,w9nISidw79A
PLmur3Z0Afau7p-Au2E1uYKYVPNE2b62dN,jvID1DzlVow
PLmur3Z0Afau7p-Au2E1uYKYVPNE2b62dN,KHiHBuubsDE
PLmur3Z0Afau7p-Au2E1uYKYVPNE2b62dN,dIOTsBhFF7M
PLmur3Z0Afau7p-Au2E1uYKYVPNE2b62dN,h3a9zUB9uWA
PLmur3Z0Afau7p-Au2E1uYKYVPNE2b62dN,8EjkgPzVWjE
PLmur3Z0Afau7p-Au2E1uYKYVPNE2b62dN,HcqCWiGyDvw
PLmur3Z0Afau7p-Au2E1uYKYVPNE2b62dN,s15_SBuMUB0
PLmur3Z0Afau7p-Au2E1uYKYVPNE2b62dN,meBd1GHC2yg
PLmur3Z0Afau7p-Au2E1uYKYVPNE2b62dN,r88prlEbtmg
PLmur3Z0Afau7p-Au2E1uYKYVPNE2b62dN,21InDm4iUXc
PLmur3Z0Afau7p-Au2E1uYKYVPNE2b62dN,Rf4QoPZQmPM
PLmur3Z0Afau7p-Au2E1uYKYVPNE2b62dN,g83Fu0R2GGM
PLmur3Z0Afau7p-Au2E1uYKYVPNE2b62dN,k8fsVzyj-PA
PLmur3Z0Afau7p-Au2E1uYKYVPNE2b62dN,Ichj0ac3V_Y
PLmur3Z0Afau7p-Au2E1uYKYVPNE2b62dN,LyR7I5xsK9k
PLmur3Z0Afau7p-Au2E1uYKYVPNE2b62dN,d07fYsvBukE
PLmur3Z0Afau7p-Au2E1uYKYVPNE2b62dN,QTxZkNDHLdU
PLmur3Z0Afau7p-Au2E1uYKYVPNE2b62dN,knX7NkJILhs
PLmur3Z0Afau7p-Au2E1uYKYVPNE2b62dN,qtlPTE-UmY4
PLmur3Z0Afau7p-Au2E1uYKYVPNE2b62dN,Tfelw7C4V0k
PLmur3Z0Afau7p-Au2E1uYKYVPNE2b62dN,3X1z188hedw
PLmur3Z0Afau7p-Au2E1uYKYVPNE2b62dN,dt2qAPC1GmE
PLmur3Z0Afau7p-Au2E1uYKYVPNE2b62dN,iFcPqXxAUWM
PLmur3Z0Afau7p-Au2E1uYKYVPNE2b62dN,N6mIKytM5BM
PLmur3Z0Afau7p-Au2E1uYKYVPNE2b62dN,XleUJUiyZtE
PLmur3Z0Afau7p-Au2E1uYKYVPNE2b62dN,P3vCD7mFaZU
PLmur3Z0Afau7p-Au2E1uYKYVPNE2b62dN,fQR-LNDjjp8
PLmur3Z0Afau7p-Au2E1uYKYVPNE2b62dN,3rCxAdRo-h4
PLmur3Z0Afau7p-Au2E1uYKYVPNE2b62dN,0nQJ_VwzXF0
PLmur3Z0Afau7p-Au2E1uYKYVPNE2b62dN,z_81HlBygLc
PLmur3Z0Afau7p-Au2E1uYKYVPNE2b62dN,rcieZYwyEiA
PLmur3Z0Afau7p-Au2E1uYKYVPNE2b62dN,Hq7kjC3jzyE
PLmur3Z0Afau7p-Au2E1uYKYVPNE2b62dN,obO1PKfXGpQ
PLmur3Z0Afau7p-Au2E1uYKYVPNE2b62dN,XbZvpCyjQTQ
PLmur3Z0Afau7p-Au2E1uYKYVPNE2b62dN,4yGPm1U7U6s
PLmur3Z0Afau7p-Au2E1uYKYVPNE2b62dN,rgAYhwluHOs
PLmur3Z0Afau7p-Au2E1uYKYVPNE2b62dN,LctHCGe91gk
PLmur3Z0Afau7p-Au2E1uYKYVPNE2b62dN,uznXI8wrdag
PLmur3Z0Afau7p-Au2E1uYKYVPNE2b62dN,AurhO4Lf1Is
PLmur3Z0Afau7p-Au2E1uYKYVPNE2b62dN,atOPUuGkfF8
PLmur3Z0Afau7p-Au2E1uYKYVPNE2b62dN,c1adiK8nLbA
PLmur3Z0Afau7p-Au2E1uYKYVPNE2b62dN,pLL4PW4LZT8
PLmur3Z0Afau7p-Au2E1uYKYVPNE2b62dN,Ust6Bh1D3GY
PLmur3Z0Afau7p-Au2E1uYKYVPNE2b62dN,7DR-NG5H-9Q
PLmur3Z0Afau7p-Au2E1uYKYVPNE2b62dN,9otWnmTpQAQ
PLmur3Z0Afau7p-Au2E1uYKYVPNE2b62dN,uJY2A-HaQRY
PLmur3Z0Afau7p-Au2E1uYKYVPNE2b62dN,GHYGvCxsmuc
PLmur3Z0Afau7p-Au2E1uYKYVPNE2b62dN,oYOrN3rupbg
PLmur3Z0Afau7p-Au2E1uYKYVPNE2b62dN,4u1KY9TjRu8
PLmur3Z0Afau7p-Au2E1uYKYVPNE2b62dN,7elminaCQXI
PLmur3Z0Afau6t-ab7uUZZnAtWZuLyMW9r,uxe4OrNTU2c
PLmur3Z0Afau6t-ab7uUZZnAtWZuLyMW9r,Kt7XKGhtT7Q
PLmur3Z0Afau6t-ab7uUZZnAtWZuLyMW9r,1CCShSBGVLQ
PLmur3Z0Afau6t-ab7uUZZnAtWZuLyMW9r,TNp8FTCA-LQ
PLmur3Z0Afau6t-ab7uUZZnAtWZuLyMW9r,8OET5d5zhas
PLmur3Z0Afau6t-ab7uUZZnAtWZuLyMW9r,Z_VGwnxcQtY
PLmur3Z0Afau6t-ab7uUZZnAtWZuLyMW9r,jucLS44iOkE
PLmur3Z0Afau6t-ab7uUZZnAtWZuLyMW9r,Yz8-j2hWYbo
PLmur3Z0Afau6t-ab7uUZZnAtWZuLyMW9r,Q0px4Qwyrk0
PLmur3Z0Afau6t-ab7uUZZnAtWZuLyMW9r,FPxzNEL8nzk
PLmur3Z0Afau6t-ab7uUZZnAtWZuLyMW9r,tB46WSVuWnY
PLmur3Z0Afau6t-ab7uUZZnAtWZuLyMW9r,O5JyezoCTJs
PLmur3Z0Afau6t-ab7uUZZnAtWZuLyMW9r,Eu6po8_sPco
PLmur3Z0Afau6t-ab7uUZZnAtWZuLyMW9r,juZryA0Y5C0
PLmur3Z0Afau6t-ab7uUZZnAtWZuLyMW9r,KFfBh1PJrP0
PLmur3Z0Afau6t-ab7uUZZnAtWZuLyMW9r,_OYxADDluNI
PLmur3Z0Afau6t-ab7uUZZnAtWZuLyMW9r,wXm9T_28Ijo
PLmur3Z0Afau6t-ab7uUZZnAtWZuLyMW9r,Y5RPFHKrRC0
PLmur3Z0Afau6t-ab7uUZZnAtWZuLyMW9r,hkZF-fPxOPY
PLmur3Z0Afau6t-ab7uUZZnAtWZuLyMW9r,v268SH0_iRs
PLmur3Z0Afau6t-ab7uUZZnAtWZuLyMW9r,DdYULBK8vGQ
PLmur3Z0Afau6t-ab7uUZZnAtWZuLyMW9r,vbwEkDQw1i4
PLmur3Z0Afau6t-ab7uUZZnAtWZuLyMW9r,8aY9noX3XOs
PLmur3Z0Afau6t-ab7uUZZnAtWZuLyMW9r,B-5k3tGUH-U
PLmur3Z0Afau6t-ab7uUZZnAtWZuLyMW9r,2xD1WA0YVUE
PLmur3Z0Afau6t-ab7uUZZnAtWZuLyMW9r,2YVb4s1DGzw
PLmur3Z0Afau6t-ab7uUZZnAtWZuLyMW9r,CR28G17eNbg
PLmur3Z0Afau6t-ab7uUZZnAtWZuLyMW9r,_USWpG9xKUg
PLmur3Z0Afau6t-ab7uUZZnAtWZuLyMW9r,Qpf90cB7Kh4
PLmur3Z0Afau6t-ab7uUZZnAtWZuLyMW9r,TGZDt2z-v5s
PLmur3Z0Afau6t-ab7uUZZnAtWZuLyMW9r,I3Y_FQMFMWE
PLmur3Z0Afau6t-ab7uUZZnAtWZuLyMW9r,WAaO2b9Mguw
PLmur3Z0Afau6t-ab7uUZZnAtWZuLyMW9r,kAsqOlHXzDg
PLmur3Z0Afau6t-ab7uUZZnAtWZuLyMW9r,jTqBrbOG3wQ
PLmur3Z0Afau6t-ab7uUZZnAtWZuLyMW9r,6MkRLqCWyFk
PLmur3Z0Afau6t-ab7uUZZnAtWZuLyMW9r,EsnHghKt810
PLmur3Z0Afau6t-ab7uUZZnAtWZuLyMW9r,KUK5AlinXEY
PLmur3Z0Afau6t-ab7uUZZnAtWZuLyMW9r,ZHFmWhrJipA
PLmur3Z0Afau6t-ab7uUZZnAtWZuLyMW9r,h5nduA2NP-4
PLmur3Z0Afau6t-ab7uUZZnAtWZuLyMW9r,F4nltNJyePQ
PLmur3Z0Afau6t-ab7uUZZnAtWZuLyMW9r,ajwxJrhBzx8
PLmur3Z0Afau6t-ab7uUZZnAtWZuLyMW9r,R93nHEoe3MI
PLmur3Z0Afau6t-ab7uUZZnAtWZuLyMW9r,grsJPM-W0ns
PLmur3Z0Afau6t-ab7uUZZnAtWZuLyMW9r,6d0n1G-vcRM
PLmur3Z0Afau6t-ab7uUZZnAtWZuLyMW9r,SS66xA5d05c
PLmur3Z0Afau6t-ab7uUZZnAtWZuLyMW9r,vUPCmwWhKPY
PLmur3Z0Afau6t-ab7uUZZnAtWZuLyMW9r,KCk-oPzhTYw
PLmur3Z0Afau6t-ab7uUZZnAtWZuLyMW9r,MMstQw0m3TE
PLmur3Z0Afau6t-ab7uUZZnAtWZuLyMW9r,1o107jihfsg
PLmur3Z0Afau6t-ab7uUZZnAtWZuLyMW9r,COxJUmf1udI
PLmur3Z0Afau6t-ab7uUZZnAtWZuLyMW9r,S4E465h9CAc
PLmur3Z0Afau6t-ab7uUZZnAtWZuLyMW9r,kj8tGX6WOnA
PLmur3Z0Afau6t-ab7uUZZnAtWZuLyMW9r,MKbRu3_Ynpk
PLmur3Z0Afau6t-ab7uUZZnAtWZuLyMW9r,kKO6X5sQ710
PLmur3Z0Afau6t-ab7uUZZnAtWZuLyMW9r,Ra4W_aztfHA
PLmur3Z0Afau6t-ab7uUZZnAtWZuLyMW9r,Lf2QS80po8U
PLmur3Z0Afau6t-ab7uUZZnAtWZuLyMW9r,neL8eTLmuUc
PLmur3Z0Afau6t-ab7uUZZnAtWZuLyMW9r,s4UsOc-F6Cc
PLmur3Z0Afau6t-ab7uUZZnAtWZuLyMW9r,RbVr9ZCmzJM
PLmur3Z0Afau6t-ab7uUZZnAtWZuLyMW9r,Alpzrs4tTaA
PLmur3Z0Afau6t-ab7uUZZnAtWZuLyMW9r,1o9aZuuGdWI
PLmur3Z0Afau6t-ab7uUZZnAtWZuLyMW9r,Z0gzBdvAoO4
PLmur3Z0Afau6t-ab7uUZZnAtWZuLyMW9r,o9H_hUaINsA
PLmur3Z0Afau6t-ab7uUZZnAtWZuLyMW9r,ZsJvmtaCBN4
PLmur3Z0Afau6t-ab7uUZZnAtWZuLyMW9r,S4DaYEruykw
PLmur3Z0Afau6t-ab7uUZZnAtWZuLyMW9r,dXzal4fWliI
PLmur3Z0Afau6t-ab7uUZZnAtWZuLyMW9r,G9xKQGbtCTI
PLmur3Z0Afau6t-ab7uUZZnAtWZuLyMW9r,KYPXGqtacpw
PLmur3Z0Afau6t-ab7uUZZnAtWZuLyMW9r,uA-xCtR3nXY
PLmur3Z0Afau6t-ab7uUZZnAtWZuLyMW9r,A2rEZKPfAIs
PLmur3Z0Afau6t-ab7uUZZnAtWZuLyMW9r,CkM0QI3c3Yk
PLmur3Z0Afau6t-ab7uUZZnAtWZuLyMW9r,vB-BMsti4qo
PLmur3Z0Afau6t-ab7uUZZnAtWZuLyMW9r,l7_U0ZBRTsw
PLmur3Z0Afau6t-ab7uUZZnAtWZuLyMW9r,9rp06KA0D-I
PLmur3Z0Afau6t-ab7uUZZnAtWZuLyMW9r,n5x7GLl-mMo
PLmur3Z0Afau6t-ab7uUZZnAtWZuLyMW9r,2SHgbsow7mM
PLmur3Z0Afau6t-ab7uUZZnAtWZuLyMW9r,yYygxJDLPIQ
PLmur3Z0Afau6t-ab7uUZZnAtWZuLyMW9r,N0o65tMtoB8
PLmur3Z0Afau6t-ab7uUZZnAtWZuLyMW9r,4zwDokkSWp8
PLmur3Z0Afau6t-ab7uUZZnAtWZuLyMW9r,bh9S5KOOCd0
PLmur3Z0Afau6t-ab7uUZZnAtWZuLyMW9r,SBdVhvo2UUM
PLmur3Z0Afau6t-ab7uUZZnAtWZuLyMW9r,eQ3jox-dosQ
PLmur3Z0Afau6t-ab7uUZZnAtWZuLyMW9r,04LehhDwfs8
PLmur3Z0Afau6t-ab7uUZZnAtWZuLyMW9r,KchdBfAK2aw
PLmur3Z0Afau6t-ab7uUZZnAtWZuLyMW9r,NMFaPZAFgUU
PLmur3Z0Afau6t-ab7uUZZnAtWZuLyMW9r,Q1xKcRrn_i4
PLmur3Z0Afau6t-ab7uUZZnAtWZuLyMW9r,lttbMv5P9UI
PLmur3Z0Afau6t-ab7uUZZnAtWZuLyMW9r,kB0U8vrkc-s
PLmur3Z0Afau6t-ab7uUZZnAtWZuLyMW9r,A5rOrW_IXHk
PLmur3Z0Afau6t-ab7uUZZnAtWZuLyMW9r,qk2HukN3A7A
PLmur3Z0Afau6t-ab7uUZZnAtWZuLyMW9r,TQPPGPTa_Bg
PLmur3Z0Afau6t-ab7uUZZnAtWZuLyMW9r,H3Den05Q_D0
PLmur3Z0Afau6t-ab7uUZZnAtWZuLyMW9r,hapSlAP2xrc
PLmur3Z0Afau6t-ab7uUZZnAtWZuLyMW9r,yPsYOnGPOZk
PLmur3Z0Afau5t4kKbwmCsrXUiyUoZBQ5m,s80mBDNJ5lo
PLmur3Z0Afau5t4kKbwmCsrXUiyUoZBQ5m,bxVvA8SfJpc
PLmur3Z0Afau5t4kKbwmCsrXUiyUoZBQ5m,T9AQJj2Pquo
PLmur3Z0Afau5t4kKbwmCsrXUiyUoZBQ5m,66iCIfoCIVA
PLmur3Z0Afau5t4kKbwmCsrXUiyUoZBQ5m,o5opXRMhcyg
PLmur3Z0Afau5t4kKbwmCsrXUiyUoZBQ5m,Qt3KppJNDtE
PLmur3Z0Afau5t4kKbwmCsrXUiyUoZBQ5m,X05BsYqZSdg
PLmur3Z0Afau5t4kKbwmCsrXUiyUoZBQ5m,QF6fDItt-Jw
PLmur3Z0Afau5t4kKbwmCsrXUiyUoZBQ5m,m-umNBbDK1s
PLmur3Z0Afau5t4kKbwmCsrXUiyUoZBQ5m,pwFUrE2YWjo
PLmur3Z0Afau5t4kKbwmCsrXUiyUoZBQ5m,8dcZA3IfDdg
PLmur3Z0Afau5t4kKbwmCsrXUiyUoZBQ5m,guCkWXZlQfI
PLmur3Z0Afau5t4kKbwmCsrXUiyUoZBQ5m,zOd01sLlDj4
PLmur3Z0Afau5t4kKbwmCsrXUiyUoZBQ5m,nqn9Bzoa04E
PLmur3Z0Afau5t4kKbwmCsrXUiyUoZBQ5m,h5CM_5VA2PI
PLmur3Z0Afau5t4kKbwmCsrXUiyUoZBQ5m,wuTTamqrHWE
PLmur3Z0Afau5t4kKbwmCsrXUiyUoZBQ5m,Q-8nM3ydZw4
PLmur3Z0Afau5t4kKbwmCsrXUiyUoZBQ5m,yWXnfY_De8M
PLmur3Z0Afau5t4kKbwmCsrXUiyUoZBQ5m,hXYa4-yXp4s
PLmur3Z0Afau5t4kKbwmCsrXUiyUoZBQ5m,LQlGuahgCHk
PLmur3Z0Afau5t4kKbwmCsrXUiyUoZBQ5m,bVuQfXje8KQ
PLmur3Z0Afau5t4kKbwmCsrXUiyUoZBQ5m,GOPr7N6BDxA
PLmur3Z0Afau5t4kKbwmCsrXUiyUoZBQ5m,Y6doBVxZVAs
PLmur3Z0Afau5t4kKbwmCsrXUiyUoZBQ5m,diBS0VfVcbs
PLmur3Z0Afau5t4kKbwmCsrXUiyUoZBQ5m,m7BdbqoRUCw
PLmur3Z0Afau5t4kKbwmCsrXUiyUoZBQ5m,gzoY27hzOmU
PLmur3Z0Afau5t4kKbwmCsrXUiyUoZBQ5m,xnW-byAy-eI
PLmur3Z0Afau5t4kKbwmCsrXUiyUoZBQ5m,ER8Cz4-zFQo
PLmur3Z0Afau5t4kKbwmCsrXUiyUoZBQ5m,VyCtgTQWe8Y
PLmur3Z0Afau5t4kKbwmCsrXUiyUoZBQ5m,LRVuZ5s-r4I
PLmur3Z0Afau5t4kKbwmCsrXUiyUoZBQ5m,6qGjA4pam7g
PLmur3Z0Afau5t4kKbwmCsrXUiyUoZBQ5m,8BRHNC1IKuw
PLmur3Z0Afau5t4kKbwmCsrXUiyUoZBQ5m,iEYsdIO7u7M
PLmur3Z0Afau5t4kKbwmCsrXUiyUoZBQ5m,HyGBemaOZnQ
PLmur3Z0Afau5t4kKbwmCsrXUiyUoZBQ5m,q5ezbsiKHWQ
PLmur3Z0Afau5t4kKbwmCsrXUiyUoZBQ5m,RCocaLOjhEc
PLmur3Z0Afau5t4kKbwmCsrXUiyUoZBQ5m,xWOCxtfN4js
PLmur3Z0Afau5t4kKbwmCsrXUiyUoZBQ5m,pBzrd4-qBY0
PLmur3Z0Afau5t4kKbwmCsrXUiyUoZBQ5m,IVI5L18mmzQ
PLmur3Z0Afau5t4kKbwmCsrXUiyUoZBQ5m,B76i7EaKtWA
PLmur3Z0Afau5t4kKbwmCsrXUiyUoZBQ5m,B4OnUQEfDhA
PLmur3Z0Afau5t4kKbwmCsrXUiyUoZBQ5m,8puGqdJzJwk
PLmur3Z0Afau5t4kKbwmCsrXUiyUoZBQ5m,ukqw6uw6Khw
PLmur3Z0Afau5t4kKbwmCsrXUiyUoZBQ5m,-KObTYIAlGI
PLmur3Z0Afau5t4kKbwmCsrXUiyUoZBQ5m,F4v-eNmWECw
PLmur3Z0Afau5t4kKbwmCsrXUiyUoZBQ5m,tn1rN0tu1Ro
PLmur3Z0Afau5t4kKbwmCsrXUiyUoZBQ5m,0YQjsDJ0jww
PLmur3Z0Afau5t4kKbwmCsrXUiyUoZBQ5m,zfXXhjr5tyA
PLmur3Z0Afau5t4kKbwmCsrXUiyUoZBQ5m,uyi2RT3Kak4
PLmur3Z0Afau5t4kKbwmCsrXUiyUoZBQ5m,_YwrI5SlS8Q
PLmur3Z0Afau5t4kKbwmCsrXUiyUoZBQ5m,V9YfnLGoJL8
PLmur3Z0Afau5t4kKbwmCsrXUiyUoZBQ5m,k_zBkqBTFtE
PLmur3Z0Afau5t4kKbwmCsrXUiyUoZBQ5m,thXstqQcdQ4
PLmur3Z0Afau5t4kKbwmCsrXUiyUoZBQ5m,YyLcD7_vt0Q
PLmur3Z0Afau5t4kKbwmCsrXUiyUoZBQ5m,WhhovQ7HW4k
PLmur3Z0Afau5t4kKbwmCsrXUiyUoZBQ5m,8PjZJeKyV00
PLmur3Z0Afau5t4kKbwmCsrXUiyUoZBQ5m,CnuVykT0CT4
PLmur3Z0Afau5t4kKbwmCsrXUiyUoZBQ5m,kwNogMdG5dk
PLmur3Z0Afau5t4kKbwmCsrXUiyUoZBQ5m,TXg1mYN2tbw
PLmur3Z0Afau5t4kKbwmCsrXUiyUoZBQ5m,bQQSNO5ssIs
PLmur3Z0Afau5t4kKbwmCsrXUiyUoZBQ5m,-Nm9l5qRWQU
PLmur3Z0Afau5t4kKbwmCsrXUiyUoZBQ5m,iEkKwOWZS_E
PLmur3Z0Afau5t4kKbwmCsrXUiyUoZBQ5m,9RXObjS639M
PLmur3Z0Afau5t4kKbwmCsrXUiyUoZBQ5m,ZXNTwWGNrE4
PLmur3Z0Afau5t4kKbwmCsrXUiyUoZBQ5m,nWjky1ITYSI
PLmur3Z0Afau5t4kKbwmCsrXUiyUoZBQ5m,a51ZHTRWtrc
PLmur3Z0Afau5t4kKbwmCsrXUiyUoZBQ5m,8WS2JXAo_-w
PLmur3Z0Afau5t4kKbwmCsrXUiyUoZBQ5m,K0OtGIPRcAs
PLmur3Z0Afau5t4kKbwmCsrXUiyUoZBQ5m,Uo6KRFh0za0
PLmur3Z0Afau5t4kKbwmCsrXUiyUoZBQ5m,wRtYyjvYTWk
PLmur3Z0Afau5t4kKbwmCsrXUiyUoZBQ5m,vEA8HpR_Azw
PLmur3Z0Afau5t4kKbwmCsrXUiyUoZBQ5m,hqBKJF7tE_k
PLmur3Z0Afau5t4kKbwmCsrXUiyUoZBQ5m,zVtlR4cwqRs
PLmur3Z0Afau5t4kKbwmCsrXUiyUoZBQ5m,BgdxjmGN7B4
PLmur3Z0Afau5t4kKbwmCsrXUiyUoZBQ5m,GRP5-WXuFHw
PLmur3Z0Afau5t4kKbwmCsrXUiyUoZBQ5m,ktsQ0l5a7xg
PLmur3Z0Afau5t4kKbwmCsrXUiyUoZBQ5m,b7YgXassC3c
PLmur3Z0Afau5t4kKbwmCsrXUiyUoZBQ5m,yEnDZcX3xc8
PLmur3Z0Afau5t4kKbwmCsrXUiyUoZBQ5m,rYHBCZdMlqw
PLmur3Z0Afau5t4kKbwmCsrXUiyUoZBQ5m,oD3Zg0d3T-s
PLmur3Z0Afau5t4kKbwmCsrXUiyUoZBQ5m,iBNySB2jpVg
PLmur3Z0Afau5t4kKbwmCsrXUiyUoZBQ5m,9ZoTxvMsOnw
PLmur3Z0Afau5t4kKbwmCsrXUiyUoZBQ5m,VYN7LR2gwso
PLmur3Z0Afau5t4kKbwmCsrXUiyUoZBQ5m,_VQ-ckQPD2I
PLmur3Z0Afau5t4kKbwmCsrXUiyUoZBQ5m,4wGVWQyLE94
PLmur3Z0Afau5t4kKbwmCsrXUiyUoZBQ5m,FBP-DxfZCgo
PLmur3Z0Afau5t4kKbwmCsrXUiyUoZBQ5m,BcfR8j1c31I
PLmur3Z0Afau5t4kKbwmCsrXUiyUoZBQ5m,hktm2mvQKc0
PLmur3Z0Afau5t4kKbwmCsrXUiyUoZBQ5m,6VZnZ9ZEMgQ
PLmur3Z0Afau5t4kKbwmCsrXUiyUoZBQ5m,XgsjaDe5Qd8
PLmur3Z0Afau5t4kKbwmCsrXUiyUoZBQ5m,9QvE6hlLowA
PLmur3Z0Afau5t4kKbwmCsrXUiyUoZBQ5m,xBz40ZxKJBs
PLmur3Z0Afau5t4kKbwmCsrXUiyUoZBQ5m,5hbenumAaJM
PLmur3Z0Afau5t4kKbwmCsrXUiyUoZBQ5m,e7rpW00mxiw
PLmur3Z0Afau5t4kKbwmCsrXUiyUoZBQ5m,UQejwvnog0M
PLmur3Z0Afau5t4kKbwmCsrXUiyUoZBQ5m,q7LUaJMZWNY
PLmur3Z0Afau5t4kKbwmCsrXUiyUoZBQ5m,gDEVO02KIa0
PLmur3Z0Afau5t4kKbwmCsrXUiyUoZBQ5m,vXDoofWyHP8
PLmur3Z0Afau5t4kKbwmCsrXUiyUoZBQ5m,VZ_xwRhGH54
PLmur3Z0Afau5t4kKbwmCsrXUiyUoZBQ5m,Oese1nrwXk0
PLmur3Z0Afau5t4kKbwmCsrXUiyUoZBQ5m,ChgaQ8-WbKE
PLmur3Z0Afau5t4kKbwmCsrXUiyUoZBQ5m,7pie6X2GG-s
PLmur3Z0Afau5t4kKbwmCsrXUiyUoZBQ5m,5X7wAKMNBXI
PLmur3Z0Afau5t4kKbwmCsrXUiyUoZBQ5m,bNtxbb52eE0
PLmur3Z0Afau5t4kKbwmCsrXUiyUoZBQ5m,7o2dILl8Fhc
PLmur3Z0Afau5t4kKbwmCsrXUiyUoZBQ5m,cF9rRr-tLi4
PLmur3Z0Afau5t4kKbwmCsrXUiyUoZBQ5m,YD5Qeo6o1UI
PLmur3Z0Afau5t4kKbwmCsrXUiyUoZBQ5m,WPYzV64dUuU
PLmur3Z0Afau5t4kKbwmCsrXUiyUoZBQ5m,Eri08ZZ1Kmo
PLmur3Z0Afau5t4kKbwmCsrXUiyUoZBQ5m,fJpt1nfSmKk
PLmur3Z0Afau5t4kKbwmCsrXUiyUoZBQ5m,De_Ule_6LhA
PLmur3Z0Afau5t4kKbwmCsrXUiyUoZBQ5m,Z9NQ6VEciFk
PLmur3Z0Afau5t4kKbwmCsrXUiyUoZBQ5m,WbiNr_b7oZk
PLmur3Z0Afau5t4kKbwmCsrXUiyUoZBQ5m,mMZIJDW7MJM
PLmur3Z0Afau5t4kKbwmCsrXUiyUoZBQ5m,20LdNzARkk4
PLmur3Z0Afau5t4kKbwmCsrXUiyUoZBQ5m,oKgaOYH4-rs
PLmur3Z0Afau5t4kKbwmCsrXUiyUoZBQ5m,ZatBRfMnxUE
PLmur3Z0Afau5t4kKbwmCsrXUiyUoZBQ5m,nhPEErJnErU
PLmur3Z0Afau5t4kKbwmCsrXUiyUoZBQ5m,0DvY6hjeTjk
PLmur3Z0Afau5t4kKbwmCsrXUiyUoZBQ5m,S2lmPIa1iWE
PLmur3Z0Afau5t4kKbwmCsrXUiyUoZBQ5m,WMor47rIcl8
PLmur3Z0Afau5t4kKbwmCsrXUiyUoZBQ5m,zBkZkoNCgxI
PLmur3Z0Afau5t4kKbwmCsrXUiyUoZBQ5m,Yzn0sRH_4Qc
PLmur3Z0Afau5t4kKbwmCsrXUiyUoZBQ5m,eo9T781wVh0
PLmur3Z0Afau5t4kKbwmCsrXUiyUoZBQ5m,6TqcZIt7rEA
PLmur3Z0Afau5t4kKbwmCsrXUiyUoZBQ5m,Uj90lnAjbw0
PLmur3Z0Afau5t4kKbwmCsrXUiyUoZBQ5m,S758wEniU0c
PLmur3Z0Afau5t4kKbwmCsrXUiyUoZBQ5m,EDmfZJlQZwU
PLmur3Z0Afau5t4kKbwmCsrXUiyUoZBQ5m,mYsOFXnfsCU
PLmur3Z0Afau5t4kKbwmCsrXUiyUoZBQ5m,O2AgtS2T5Lc
PLmur3Z0Afau5t4kKbwmCsrXUiyUoZBQ5m,YnnbuoeQFSI
PLmur3Z0Afau5t4kKbwmCsrXUiyUoZBQ5m,h23rF0xrhTE
PLmur3Z0Afau5t4kKbwmCsrXUiyUoZBQ5m,wgGPan7MbyU
PLmur3Z0Afau5t4kKbwmCsrXUiyUoZBQ5m,HkPatmQFLXU
PLmur3Z0Afau5t4kKbwmCsrXUiyUoZBQ5m,hkOiFLsCDbA
PLmur3Z0Afau5t4kKbwmCsrXUiyUoZBQ5m,xGkwu3TxuoE
PLmur3Z0Afau5t4kKbwmCsrXUiyUoZBQ5m,uuBMi7xMldM
PLmur3Z0Afau5t4kKbwmCsrXUiyUoZBQ5m,Z0i1_I5WcW8
PLmur3Z0Afau5t4kKbwmCsrXUiyUoZBQ5m,fnIrwrCq_4Q
PLmur3Z0Afau5t4kKbwmCsrXUiyUoZBQ5m,kJvqg_lUaLo
PLmur3Z0Afau5t4kKbwmCsrXUiyUoZBQ5m,-Io188EOB4s
PLmur3Z0Afau5t4kKbwmCsrXUiyUoZBQ5m,ysFd4bKXBG4
PLmur3Z0Afau5t4kKbwmCsrXUiyUoZBQ5m,d1aSxDSUeP4
PLmur3Z0Afau5t4kKbwmCsrXUiyUoZBQ5m,RkBFVR7lfj8
PLmur3Z0Afau5t4kKbwmCsrXUiyUoZBQ5m,h7OHn9AkJ5A
PLmur3Z0Afau5t4kKbwmCsrXUiyUoZBQ5m,1qlrRmRTbVY
PLmur3Z0Afau5t4kKbwmCsrXUiyUoZBQ5m,7zcmKHpBHNE
PLmur3Z0Afau5t4kKbwmCsrXUiyUoZBQ5m,X_gSuXiufmc
PLmur3Z0Afau5t4kKbwmCsrXUiyUoZBQ5m,KVcqbqpMfQY
PLmur3Z0Afau5t4kKbwmCsrXUiyUoZBQ5m,ALtfQVbHtM0
PLmur3Z0Afau5t4kKbwmCsrXUiyUoZBQ5m,sZqgy1QGfGs
PLmur3Z0Afau5t4kKbwmCsrXUiyUoZBQ5m,0dU5lWhonyQ
PLmur3Z0Afau5t4kKbwmCsrXUiyUoZBQ5m,u8FgJvLLtXY
PLmur3Z0Afau5t4kKbwmCsrXUiyUoZBQ5m,YHjr1EBmyIY
PLmur3Z0Afau5t4kKbwmCsrXUiyUoZBQ5m,R2vXbFp5C9o
PLmur3Z0Afau7Kmtby1nSyxusZGFNrsFJi,pN0LM2AL-gc
PLmur3Z0Afau7Kmtby1nSyxusZGFNrsFJi,-ECqbfX0IUA
PLmur3Z0Afau7Kmtby1nSyxusZGFNrsFJi,8LMioQGsFFw
PLmur3Z0Afau7Kmtby1nSyxusZGFNrsFJi,nMQOSj2MkxU
PLmur3Z0Afau7Kmtby1nSyxusZGFNrsFJi,Y_ozeboWz-0
PLmur3Z0Afau7Kmtby1nSyxusZGFNrsFJi,dgzwxRSJyfw
PLmur3Z0Afau7Kmtby1nSyxusZGFNrsFJi,vA_j6rjsBec
PLmur3Z0Afau7Kmtby1nSyxusZGFNrsFJi,fP2WUnBjmkk
PLmur3Z0Afau7Kmtby1nSyxusZGFNrsFJi,Drg8beQFS5M
PLmur3Z0Afau7Kmtby1nSyxusZGFNrsFJi,NUzDLpSkQTg
PLmur3Z0Afau7Kmtby1nSyxusZGFNrsFJi,_SZujgXkpKM
PLmur3Z0Afau7Kmtby1nSyxusZGFNrsFJi,ydCv7repAHs
PLmur3Z0Afau7Kmtby1nSyxusZGFNrsFJi,bK4AWtTV3h4
PLmur3Z0Afau5vIOiTlhqHUADN_nA4x8v8,AM2K20qtDZ8
PLmur3Z0Afau5vIOiTlhqHUADN_nA4x8v8,X7WpUTAT6dI
PLmur3Z0Afau5vIOiTlhqHUADN_nA4x8v8,crWWpB-PF-k
PLmur3Z0Afau5vIOiTlhqHUADN_nA4x8v8,7o70pQtjYEc
PLmur3Z0Afau5vIOiTlhqHUADN_nA4x8v8,b7nnmZWC8_E
PLmur3Z0Afau5vIOiTlhqHUADN_nA4x8v8,rw58E42bK4w
PLmur3Z0Afau5vIOiTlhqHUADN_nA4x8v8,wkQ4WCAG38I
PLmur3Z0Afau5vIOiTlhqHUADN_nA4x8v8,j5JLWITs0yg
PLmur3Z0Afau5vIOiTlhqHUADN_nA4x8v8,w785UfHbRzk
PLmur3Z0Afau5vIOiTlhqHUADN_nA4x8v8,4lJDNgTE6mo
PLmur3Z0Afau5vIOiTlhqHUADN_nA4x8v8,cGdgFXSUKus
PLmur3Z0Afau5vIOiTlhqHUADN_nA4x8v8,cacJMfyJoiw
PLmur3Z0Afau5vIOiTlhqHUADN_nA4x8v8,l1nVImv4OnQ
PLmur3Z0Afau5vIOiTlhqHUADN_nA4x8v8,K-HiNLAH38A
PLmur3Z0Afau5vIOiTlhqHUADN_nA4x8v8,F5_NT0W2DQw
PLmur3Z0Afau5vIOiTlhqHUADN_nA4x8v8,H2a3wgcmXPI
PLmur3Z0Afau5vIOiTlhqHUADN_nA4x8v8,VfMu65G_Kig
PLmur3Z0Afau5vIOiTlhqHUADN_nA4x8v8,kGgZvjdaYhg
PLmur3Z0Afau5vIOiTlhqHUADN_nA4x8v8,p07Zw_UklWk
PLmur3Z0Afau5vIOiTlhqHUADN_nA4x8v8,OuD0h5I-NrQ
PLmur3Z0Afau5vIOiTlhqHUADN_nA4x8v8,7dTrL8M-p0g
PLmur3Z0Afau5vIOiTlhqHUADN_nA4x8v8,rfHOo2eRUnE
PLmur3Z0Afau5vIOiTlhqHUADN_nA4x8v8,QpEM05Vassw
PLmur3Z0Afau5vIOiTlhqHUADN_nA4x8v8,U5Ncbs-bE8Q
PLmur3Z0Afau5vIOiTlhqHUADN_nA4x8v8,ZZ9LXRMPyFk
PLmur3Z0Afau5vIOiTlhqHUADN_nA4x8v8,FhtYbqUsVoY
PLmur3Z0Afau5vIOiTlhqHUADN_nA4x8v8,JTuB5tfuz4Y
PLmur3Z0Afau5vIOiTlhqHUADN_nA4x8v8,rYwy0lodsVk
PLmur3Z0Afau5vIOiTlhqHUADN_nA4x8v8,KqLsC4CtekY
PLmur3Z0Afau5vIOiTlhqHUADN_nA4x8v8,Vr-UMeQiVh0
PLmur3Z0Afau5vIOiTlhqHUADN_nA4x8v8,SpdrCXROHRo
PLmur3Z0Afau5vIOiTlhqHUADN_nA4x8v8,gbWj33Ej3rA
PLmur3Z0Afau5vIOiTlhqHUADN_nA4x8v8,zwud-2RKwA0
PLmur3Z0Afau5vIOiTlhqHUADN_nA4x8v8,pmEbpnUG-2s
PLmur3Z0Afau5vIOiTlhqHUADN_nA4x8v8,4da2Bn1M1i4
PLmur3Z0Afau5vIOiTlhqHUADN_nA4x8v8,CDtoT0kwszU
PLmur3Z0Afau5vIOiTlhqHUADN_nA4x8v8,j_c05LEXhhQ
PLmur3Z0Afau5vIOiTlhqHUADN_nA4x8v8,rTVkUHrprk8
PLmur3Z0Afau5vIOiTlhqHUADN_nA4x8v8,SHLmoswkkAQ
PLmur3Z0Afau5vIOiTlhqHUADN_nA4x8v8,7Ye7MAGoaeo
PLmur3Z0Afau5vIOiTlhqHUADN_nA4x8v8,AVAc1gYLZK0
PLmur3Z0Afau5vIOiTlhqHUADN_nA4x8v8,wBwlpJSq75o
PLmur3Z0Afau5vIOiTlhqHUADN_nA4x8v8,UY-7-TIIW2w
PLmur3Z0Afau5vIOiTlhqHUADN_nA4x8v8,oWJrZIPllWE
PLmur3Z0Afau5vIOiTlhqHUADN_nA4x8v8,d0Rye5DTx9c
PLmur3Z0Afau5vIOiTlhqHUADN_nA4x8v8,YzcS4XYW6Is
PLmur3Z0Afau5vIOiTlhqHUADN_nA4x8v8,wnz_o0Tt77U
PLmur3Z0Afau5vIOiTlhqHUADN_nA4x8v8,duQow41bTx0
PLmur3Z0Afau5vIOiTlhqHUADN_nA4x8v8,ZHIcVi7F6hM
PLmur3Z0Afau7NR6lshgBdEKS2r5Q2cJlt,Y-yAsuff-Fc
PLmur3Z0Afau7NR6lshgBdEKS2r5Q2cJlt,JeGHtDtwmAc
PLmur3Z0Afau7NR6lshgBdEKS2r5Q2cJlt,xvY_TcBn2Gs
PLmur3Z0Afau7NR6lshgBdEKS2r5Q2cJlt,zKqfC0E82gU
PLmur3Z0Afau7NR6lshgBdEKS2r5Q2cJlt,P6kIgbMlHow
PLmur3Z0Afau7NR6lshgBdEKS2r5Q2cJlt,YooFwA7xj18
PLmur3Z0Afau7NR6lshgBdEKS2r5Q2cJlt,uPo_wmR4a68
PLmur3Z0Afau7NR6lshgBdEKS2r5Q2cJlt,vvKgnRPThKI
PLmur3Z0Afau7NR6lshgBdEKS2r5Q2cJlt,i3eByvmxllw
PLmur3Z0Afau7NR6lshgBdEKS2r5Q2cJlt,GZwbhgS9fuc
PLmur3Z0Afau7NR6lshgBdEKS2r5Q2cJlt,RQ1nY51txoA
PLmur3Z0Afau7NR6lshgBdEKS2r5Q2cJlt,QCQ_d0NOF4g
PLmur3Z0Afau7NR6lshgBdEKS2r5Q2cJlt,767UcLMZTbo
PLmur3Z0Afau7NR6lshgBdEKS2r5Q2cJlt,lBBj-K_qfIw
PLmur3Z0Afau7NR6lshgBdEKS2r5Q2cJlt,D2aZkpam2Ms
PLmur3Z0Afau6wCmwuKfYzjL2r4HgkRHqK,Mnv6y3MVVKc
PLmur3Z0Afau6wCmwuKfYzjL2r4HgkRHqK,KNWDmYhyA_I
PLmur3Z0Afau6wCmwuKfYzjL2r4HgkRHqK,W8AzYWnrSmQ
PLmur3Z0Afau6wCmwuKfYzjL2r4HgkRHqK,yptrdzTTDSk
PLmur3Z0Afau6wCmwuKfYzjL2r4HgkRHqK,sD55v2WYUAY
PLmur3Z0Afau6wCmwuKfYzjL2r4HgkRHqK,ZxRd8rI9o20
PLmur3Z0Afau6wCmwuKfYzjL2r4HgkRHqK,LBqeiB7jx-I
PLmur3Z0Afau6wCmwuKfYzjL2r4HgkRHqK,a0nrXBJ0-0k
PLmur3Z0Afau6wCmwuKfYzjL2r4HgkRHqK,5Vn6OxMX0o8
PLmur3Z0Afau6wCmwuKfYzjL2r4HgkRHqK,SNGiWla9cIE
PLmur3Z0Afau6wCmwuKfYzjL2r4HgkRHqK,1Kld0XFi-w0
PLmur3Z0Afau6wCmwuKfYzjL2r4HgkRHqK,mh9RtpZPpVo
PLmur3Z0Afau6wCmwuKfYzjL2r4HgkRHqK,O73aCOuJrlw
PLmur3Z0Afau6wCmwuKfYzjL2r4HgkRHqK,dVFzCzN4hds
PLmur3Z0Afau6wCmwuKfYzjL2r4HgkRHqK,fHcSuHNRWk0
PLmur3Z0Afau6wCmwuKfYzjL2r4HgkRHqK,sGtgoelN0tA
PLmur3Z0Afau6wCmwuKfYzjL2r4HgkRHqK,8LoaGxCFsGQ
PLmur3Z0Afau6wCmwuKfYzjL2r4HgkRHqK,vDr74_wV3qo
PLmur3Z0Afau6wCmwuKfYzjL2r4HgkRHqK,aadp6xDm6NI
PLmur3Z0Afau6wCmwuKfYzjL2r4HgkRHqK,sdWeEhvqLBc
PLmur3Z0Afau6wCmwuKfYzjL2r4HgkRHqK,J5uY3JM-SLc
PLmur3Z0Afau6wCmwuKfYzjL2r4HgkRHqK,G7szSKp6DEw
PLmur3Z0Afau6wCmwuKfYzjL2r4HgkRHqK,96Ol2RQNPSw
PLmur3Z0Afau6wCmwuKfYzjL2r4HgkRHqK,nPE0GkSESU4
PLmur3Z0Afau6wCmwuKfYzjL2r4HgkRHqK,iVBcVbx_HQA
PLmur3Z0Afau6wCmwuKfYzjL2r4HgkRHqK,qdputZoWI8Q
PLmur3Z0Afau6wCmwuKfYzjL2r4HgkRHqK,bK9YMhz2ZMc
PLmur3Z0Afau6wCmwuKfYzjL2r4HgkRHqK,gdShT3dT0yU
PLmur3Z0Afau6wCmwuKfYzjL2r4HgkRHqK,-6SQZ5o0Xvk
PLmur3Z0Afau6wCmwuKfYzjL2r4HgkRHqK,EYGb9s5-UTw
PLmur3Z0Afau6wCmwuKfYzjL2r4HgkRHqK,J-u2aW7T2bw
PLmur3Z0Afau6wCmwuKfYzjL2r4HgkRHqK,tj3BEKaFFF0
PLmur3Z0Afau6wCmwuKfYzjL2r4HgkRHqK,fHvbC3o39Hk
PLmur3Z0Afau6wCmwuKfYzjL2r4HgkRHqK,XXqD4ymYHao
PLmur3Z0Afau6wCmwuKfYzjL2r4HgkRHqK,jqn6eKJbtkk
PLmur3Z0Afau6wCmwuKfYzjL2r4HgkRHqK,7kQAnhET0ec
PLmur3Z0Afau6wCmwuKfYzjL2r4HgkRHqK,_LpHCElQdz0
PLmur3Z0Afau6wCmwuKfYzjL2r4HgkRHqK,UtSexFPtep0
PLmur3Z0Afau6wCmwuKfYzjL2r4HgkRHqK,cgnMNzvYqkk
PLmur3Z0Afau6wCmwuKfYzjL2r4HgkRHqK,OwBYPgBK_OA
PLmur3Z0Afau6wCmwuKfYzjL2r4HgkRHqK,LdsqlMqwmGY
PLmur3Z0Afau6wCmwuKfYzjL2r4HgkRHqK,l0CrdJCrZ8Q
PLmur3Z0Afau6wCmwuKfYzjL2r4HgkRHqK,wEPeoVS7J7k
PLmur3Z0Afau6wCmwuKfYzjL2r4HgkRHqK,VVLnYxSYfAY
PLmur3Z0Afau6wCmwuKfYzjL2r4HgkRHqK,C0AGQTnSkhs
PLmur3Z0Afau6wCmwuKfYzjL2r4HgkRHqK,bCgkyMXp3Nw
PLmur3Z0Afau6wCmwuKfYzjL2r4HgkRHqK,4pmvS7afJg0
PLmur3Z0Afau6wCmwuKfYzjL2r4HgkRHqK,yLGRkxbMh9o
PLmur3Z0Afau6wCmwuKfYzjL2r4HgkRHqK,LndU1nlPQ80
PLmur3Z0Afau6wCmwuKfYzjL2r4HgkRHqK,dJ5wZwY720g
PLmur3Z0Afau6wCmwuKfYzjL2r4HgkRHqK,63G8eh_Ps_M
PLmur3Z0Afau6wCmwuKfYzjL2r4HgkRHqK,xit5GR_Nm10
PLmur3Z0Afau6wCmwuKfYzjL2r4HgkRHqK,e3CwoEAmy-Q
PLmur3Z0Afau6wCmwuKfYzjL2r4HgkRHqK,FUhuZrfh0hQ
PLmur3Z0Afau6wCmwuKfYzjL2r4HgkRHqK,tSXAJXcVL9Q
PLmur3Z0Afau6wCmwuKfYzjL2r4HgkRHqK,kqeaPq6FIUk
PLmur3Z0Afau6wCmwuKfYzjL2r4HgkRHqK,YQX6ZSDUxA8
PLmur3Z0Afau6wCmwuKfYzjL2r4HgkRHqK,H2okT3o1ju4
PLmur3Z0Afau6wCmwuKfYzjL2r4HgkRHqK,Uct9cppQTS0
PLmur3Z0Afau6wCmwuKfYzjL2r4HgkRHqK,-ZMzfihqOkQ
PLmur3Z0Afau6wCmwuKfYzjL2r4HgkRHqK,hpK8jJvWzCg
PLmur3Z0Afau6wCmwuKfYzjL2r4HgkRHqK,xQFQxwPhtHE
PLmur3Z0Afau6wCmwuKfYzjL2r4HgkRHqK,n2rBiJReZzs
PLmur3Z0Afau6wCmwuKfYzjL2r4HgkRHqK,5lr2eLtPVsM
PLmur3Z0Afau6wCmwuKfYzjL2r4HgkRHqK,s6wHP844FLI
PLmur3Z0Afau6wCmwuKfYzjL2r4HgkRHqK,DS1WUcx5sMc
PLmur3Z0Afau6wCmwuKfYzjL2r4HgkRHqK,VwOMDQAmRtQ
PLmur3Z0Afau6wCmwuKfYzjL2r4HgkRHqK,CwA5y-ximsc
PLmur3Z0Afau6wCmwuKfYzjL2r4HgkRHqK,Uvm0Endt8aA
PLmur3Z0Afau6wCmwuKfYzjL2r4HgkRHqK,ZCQu8nbRy7o
PLmur3Z0Afau6wCmwuKfYzjL2r4HgkRHqK,1LYEB6_MW04
PLmur3Z0Afau6wCmwuKfYzjL2r4HgkRHqK,uyhDy_Qk4tM
PLmur3Z0Afau6wCmwuKfYzjL2r4HgkRHqK,nPr-SIL6BiQ
PLmur3Z0Afau6wCmwuKfYzjL2r4HgkRHqK,GNeuIeFnkuE
PLmur3Z0Afau6wCmwuKfYzjL2r4HgkRHqK,MlHHhBsotAU
PLmur3Z0Afau6wCmwuKfYzjL2r4HgkRHqK,ePt108F00sU
PLmur3Z0Afau6wCmwuKfYzjL2r4HgkRHqK,P0amUTAfWno
PLmur3Z0Afau6wCmwuKfYzjL2r4HgkRHqK,iq-LWnNRLVA
PLmur3Z0Afau6wCmwuKfYzjL2r4HgkRHqK,QiPyco6AUkA
PLmur3Z0Afau6wCmwuKfYzjL2r4HgkRHqK,NGDJCdYqjiY
PLmur3Z0Afau6wCmwuKfYzjL2r4HgkRHqK,QDE83iV2TGE
PLmur3Z0Afau6wCmwuKfYzjL2r4HgkRHqK,Ioob2BXASvc
PLmur3Z0Afau6wCmwuKfYzjL2r4HgkRHqK,wpXePqm6S5E
PLmur3Z0Afau6wCmwuKfYzjL2r4HgkRHqK,BkZI-IzwPnY
PLmur3Z0Afau6wCmwuKfYzjL2r4HgkRHqK,YebQaZg26xQ
PLmur3Z0Afau6wCmwuKfYzjL2r4HgkRHqK,HYbbmatf6w4
PLmur3Z0Afau6wCmwuKfYzjL2r4HgkRHqK,0FfJGRImIg0
PLmur3Z0Afau6wCmwuKfYzjL2r4HgkRHqK,hJyHOVwd3ts
PLmur3Z0Afau6wCmwuKfYzjL2r4HgkRHqK,iQNURyV5K2g
PLmur3Z0Afau6wCmwuKfYzjL2r4HgkRHqK,nqvpGA_aIB0
PLmur3Z0Afau6wCmwuKfYzjL2r4HgkRHqK,Y5Xv3x45Tlk
PLmur3Z0Afau6wCmwuKfYzjL2r4HgkRHqK,8474PcH-eXY
PLmur3Z0Afau6wCmwuKfYzjL2r4HgkRHqK,_0RTH57v66I
PLmur3Z0Afau6wCmwuKfYzjL2r4HgkRHqK,yXjN5ln-2TQ
PLmur3Z0Afau6wCmwuKfYzjL2r4HgkRHqK,7W7Ir0yZReA
PLmur3Z0Afau6wCmwuKfYzjL2r4HgkRHqK,jBtJet6kmZ0
PLmur3Z0Afau6wCmwuKfYzjL2r4HgkRHqK,ojJupoAyT58
PLmur3Z0Afau6wCmwuKfYzjL2r4HgkRHqK,v-82Lg1rTMs
PLmur3Z0Afau7NRMONmASR_vs_smvcRMNV,rWrdN7_2TcU
PLmur3Z0Afau7NRMONmASR_vs_smvcRMNV,_S2lYXf-uu0
PLmur3Z0Afau7NRMONmASR_vs_smvcRMNV,zl--sl_Q8to
PLmur3Z0Afau7NRMONmASR_vs_smvcRMNV,9CTzhqVHmww
PLmur3Z0Afau7NRMONmASR_vs_smvcRMNV,JguUVIpFRg4
PLmur3Z0Afau7NRMONmASR_vs_smvcRMNV,iib_imkZ5fk
PLmur3Z0Afau7NRMONmASR_vs_smvcRMNV,6gr_gMSF0c0
PLmur3Z0Afau7NRMONmASR_vs_smvcRMNV,IYRmHjA1HiA
PLmur3Z0Afau7NRMONmASR_vs_smvcRMNV,cXeQJBghvRw
PLmur3Z0Afau7NRMONmASR_vs_smvcRMNV,2YntFbFRnvs
PLmur3Z0Afau7NRMONmASR_vs_smvcRMNV,67GVKHXqB48
PLmur3Z0Afau7NRMONmASR_vs_smvcRMNV,YmtIrYXlGRM
PLmur3Z0Afau7NRMONmASR_vs_smvcRMNV,j6bGZXk6F2E
PLmur3Z0Afau7NRMONmASR_vs_smvcRMNV,YKPHYk4GB4g
PLmur3Z0Afau7NRMONmASR_vs_smvcRMNV,0O0yi8YgYbs
PLmur3Z0Afau69Bc9Uo5A1IXAwCv_KsF6w,OtyD9EXB2pA
PLmur3Z0Afau69Bc9Uo5A1IXAwCv_KsF6w,wuUpIs6dMrY
PLmur3Z0Afau69Bc9Uo5A1IXAwCv_KsF6w,O0ihGlsLL1Y
PLmur3Z0Afau69Bc9Uo5A1IXAwCv_KsF6w,DD8fnZbc0dQ
PLmur3Z0Afau69Bc9Uo5A1IXAwCv_KsF6w,QabHUUwC1tA
PLmur3Z0Afau69Bc9Uo5A1IXAwCv_KsF6w,o8ggBZg7llY
PLmur3Z0Afau69Bc9Uo5A1IXAwCv_KsF6w,dlerL_QPMJk
PLmur3Z0Afau69Bc9Uo5A1IXAwCv_KsF6w,6Fy1suDnO3o
PLmur3Z0Afau69Bc9Uo5A1IXAwCv_KsF6w,X5xXYy0E63M
PLmur3Z0Afau69Bc9Uo5A1IXAwCv_KsF6w,7uk3-sjbaMQ
PLmur3Z0Afau69Bc9Uo5A1IXAwCv_KsF6w,tEtwhubOdf0
PLmur3Z0Afau69Bc9Uo5A1IXAwCv_KsF6w,7Ycd8zEdoVk
PLmur3Z0Afau69Bc9Uo5A1IXAwCv_KsF6w,t_MIi3m8D2o
PLmur3Z0Afau69Bc9Uo5A1IXAwCv_KsF6w,YFvwQDaCKFc
PLmur3Z0Afau69Bc9Uo5A1IXAwCv_KsF6w,-zFl79CCjTM
PLmur3Z0Afau69Bc9Uo5A1IXAwCv_KsF6w,Ej7jx0x_MR0
PLmur3Z0Afau69Bc9Uo5A1IXAwCv_KsF6w,MKeBMWFUApg
PLmur3Z0Afau69Bc9Uo5A1IXAwCv_KsF6w,sRH5KzNQxmc
PLmur3Z0Afau69Bc9Uo5A1IXAwCv_KsF6w,c3wpLPQPfoI
PLmur3Z0Afau69Bc9Uo5A1IXAwCv_KsF6w,Cv-60ZA-PnM
PLmur3Z0Afau7SeOu09ZtFCYdCRrrBNwd-,kQMSUcvl06o
PLmur3Z0Afau7SeOu09ZtFCYdCRrrBNwd-,opQBithWVdI
PLmur3Z0Afau7SeOu09ZtFCYdCRrrBNwd-,setJXT-K2CQ
PLmur3Z0Afau7SeOu09ZtFCYdCRrrBNwd-,mYVKlQPsATY
PLmur3Z0Afau7SeOu09ZtFCYdCRrrBNwd-,lZPUK1GdoTY
PLmur3Z0Afau7SeOu09ZtFCYdCRrrBNwd-,3752x4PgpYE
PLmur3Z0Afau7SeOu09ZtFCYdCRrrBNwd-,LgQZWSlLBnA
PLmur3Z0Afau7SeOu09ZtFCYdCRrrBNwd-,NekZK0vXyqc
PLmur3Z0Afau7SeOu09ZtFCYdCRrrBNwd-,5_O5bT3hfkQ
PLmur3Z0Afau7SeOu09ZtFCYdCRrrBNwd-,gQaOSggFKQI
PLmur3Z0Afau7SeOu09ZtFCYdCRrrBNwd-,mU7JJG40xo4
PLmur3Z0Afau7SeOu09ZtFCYdCRrrBNwd-,ZgjWOo7IqQY
PLmur3Z0Afau45IeH50BAslQrMmwAnBBS4,sAiTuitN5b8
PLmur3Z0Afau45IeH50BAslQrMmwAnBBS4,R2vXbFp5C9o
PLmur3Z0Afau45IeH50BAslQrMmwAnBBS4,WyT8i6NYLZM
PLmur3Z0Afau45IeH50BAslQrMmwAnBBS4,4wkvaEM4bIg
PLmur3Z0Afau45IeH50BAslQrMmwAnBBS4,dl5FHmL_6rE
PLmur3Z0Afau45IeH50BAslQrMmwAnBBS4,q8u3-3Y1xno
PLmur3Z0Afau45IeH50BAslQrMmwAnBBS4,sSr2DsZfKSw
PLmur3Z0Afau45IeH50BAslQrMmwAnBBS4,a8lbitoBhP4
PLmur3Z0Afau45IeH50BAslQrMmwAnBBS4,8MELKXZqMQo
PLmur3Z0Afau45IeH50BAslQrMmwAnBBS4,tQ-cDwQupj8
PLmur3Z0Afau45IeH50BAslQrMmwAnBBS4,VWsYpac2D6M
PLmur3Z0Afau45IeH50BAslQrMmwAnBBS4,kNlhcLYcr2I
PLmur3Z0Afau45IeH50BAslQrMmwAnBBS4,S5fOWB6SNqs
PLmur3Z0Afau45IeH50BAslQrMmwAnBBS4,wKUpyUm3PGs
PLmur3Z0Afau45IeH50BAslQrMmwAnBBS4,xDd-weQE0UM
PLmur3Z0Afau45IeH50BAslQrMmwAnBBS4,jp7N9NgSTlQ
PLmur3Z0Afau45IeH50BAslQrMmwAnBBS4,tanqrySJ5Ng
PLmur3Z0Afau45IeH50BAslQrMmwAnBBS4,eHhV_i2clX0
PLmur3Z0Afau45IeH50BAslQrMmwAnBBS4,B0aWYJDlONE
PLmur3Z0Afau45IeH50BAslQrMmwAnBBS4,NCZmq_hZLK8
PLmur3Z0Afau45IeH50BAslQrMmwAnBBS4,1_7rYbMeVQc
PLmur3Z0Afau45IeH50BAslQrMmwAnBBS4,tz-Llrb5FJc
PLmur3Z0Afau45IeH50BAslQrMmwAnBBS4,IaVey19Vdrw
PLmur3Z0Afau45IeH50BAslQrMmwAnBBS4,wnz_o0Tt77U
PLmur3Z0Afau45IeH50BAslQrMmwAnBBS4,oqO_508it14
PLmur3Z0Afau45IeH50BAslQrMmwAnBBS4,X_gSuXiufmc
PLmur3Z0Afau45IeH50BAslQrMmwAnBBS4,lPgq_HQq07Y
PLmur3Z0Afau45IeH50BAslQrMmwAnBBS4,pmEbpnUG-2s
PLmur3Z0Afau45IeH50BAslQrMmwAnBBS4,sLm9zbGoli4
PLmur3Z0Afau45IeH50BAslQrMmwAnBBS4,wuQW8NA47pM
PLmur3Z0Afau45IeH50BAslQrMmwAnBBS4,bbmoOpDCWDc
PLmur3Z0Afau45IeH50BAslQrMmwAnBBS4,xGkwu3TxuoE
PLmur3Z0Afau45IeH50BAslQrMmwAnBBS4,tO_dYEAXg7Q
PLmur3Z0Afau45IeH50BAslQrMmwAnBBS4,VSLwEIp15_4
PLmur3Z0Afau45IeH50BAslQrMmwAnBBS4,SZcMX4yAMak
PLmur3Z0Afau45IeH50BAslQrMmwAnBBS4,i3eByvmxllw
PLmur3Z0Afau45IeH50BAslQrMmwAnBBS4,uLNC9w1j6HQ
PLmur3Z0Afau45IeH50BAslQrMmwAnBBS4,pDMdh9CM1dI
PLmur3Z0Afau45IeH50BAslQrMmwAnBBS4,SE3gXRKBNHc
PLmur3Z0Afau45IeH50BAslQrMmwAnBBS4,T8f1_A_pT20
PLmur3Z0Afau45IeH50BAslQrMmwAnBBS4,8waCBiwtvMs
PLmur3Z0Afau45IeH50BAslQrMmwAnBBS4,k1GzThRsV4I
PLmur3Z0Afau45IeH50BAslQrMmwAnBBS4,kMK78kboyp8
PLmur3Z0Afau45IeH50BAslQrMmwAnBBS4,BuSELXzAAdE
PLmur3Z0Afau45IeH50BAslQrMmwAnBBS4,QACYD67akQM
PLmur3Z0Afau45IeH50BAslQrMmwAnBBS4,JaXdsxPcBKI
PLmur3Z0Afau45IeH50BAslQrMmwAnBBS4,P8J-ZHI9mKk
PLmur3Z0Afau45IeH50BAslQrMmwAnBBS4,AYvdS73abgI
PLmur3Z0Afau45IeH50BAslQrMmwAnBBS4,nVe2sVs6viI
PLmur3Z0Afau45IeH50BAslQrMmwAnBBS4,7AmhOWLnCEI
PLmur3Z0Afau45IeH50BAslQrMmwAnBBS4,wR9BSACzUF4
PLmur3Z0Afau45IeH50BAslQrMmwAnBBS4,aYXP3lyFS_0
PLmur3Z0Afau45IeH50BAslQrMmwAnBBS4,bqFzzultXGw
PLmur3Z0Afau45IeH50BAslQrMmwAnBBS4,7QCkK_p6TZA
PLmur3Z0Afau45IeH50BAslQrMmwAnBBS4,j8ZXNQtKboQ
PLmur3Z0Afau45IeH50BAslQrMmwAnBBS4,tMN1f4dvpHI
PLmur3Z0Afau45IeH50BAslQrMmwAnBBS4,eS455VDgBBM
PLmur3Z0Afau45IeH50BAslQrMmwAnBBS4,3Xj09gKnUl0
PLmur3Z0Afau45IeH50BAslQrMmwAnBBS4,JUs_jNjUBbo
PLmur3Z0Afau45IeH50BAslQrMmwAnBBS4,Cgrv1bZDr1A
PLmur3Z0Afau45IeH50BAslQrMmwAnBBS4,-Iq_Ks38fEA
PLmur3Z0Afau45IeH50BAslQrMmwAnBBS4,W3JEvecS_fI
PLmur3Z0Afau45IeH50BAslQrMmwAnBBS4,8UY15kDVUek
PLmur3Z0Afau45IeH50BAslQrMmwAnBBS4,tB4qBieyg-o
PLmur3Z0Afau45IeH50BAslQrMmwAnBBS4,FZU_Aw14c80
PLmur3Z0Afau45IeH50BAslQrMmwAnBBS4,BOCuM01QeyI
PLmur3Z0Afau45IeH50BAslQrMmwAnBBS4,mu9pU1wUYP8
PLmur3Z0Afau45IeH50BAslQrMmwAnBBS4,2yL5rfCfO0A
PLmur3Z0Afau45IeH50BAslQrMmwAnBBS4,dCwylr3BSas
PLmur3Z0Afau45IeH50BAslQrMmwAnBBS4,aHpPklZwqNk
PLmur3Z0Afau45IeH50BAslQrMmwAnBBS4,w4QuxNbi_8k
PLmur3Z0Afau45IeH50BAslQrMmwAnBBS4,zW_O2nbii7c
PLmur3Z0Afau45IeH50BAslQrMmwAnBBS4,BTOFIZLpR2E
PLmur3Z0Afau45IeH50BAslQrMmwAnBBS4,-CGTvanjKyw
PLmur3Z0Afau45IeH50BAslQrMmwAnBBS4,Yz7Iu-_4ITo
PLmur3Z0Afau45IeH50BAslQrMmwAnBBS4,UGNgd7AzUlA
PLmur3Z0Afau45IeH50BAslQrMmwAnBBS4,-ClXkHd979Q
PLmur3Z0Afau45IeH50BAslQrMmwAnBBS4,Nngnd3Zorgc
PLmur3Z0Afau45IeH50BAslQrMmwAnBBS4,awkpFnH-1B8
PLmur3Z0Afau45IeH50BAslQrMmwAnBBS4,uJ8mDhp96pw
PLmur3Z0Afau45IeH50BAslQrMmwAnBBS4,MNL51c2kldw
PLmur3Z0Afau45IeH50BAslQrMmwAnBBS4,Q_lWV6q-nAY
PLmur3Z0Afau45IeH50BAslQrMmwAnBBS4,1fQmBDYW3Pk
PLmur3Z0Afau45IeH50BAslQrMmwAnBBS4,_aX3DuFRi9Y
PLmur3Z0Afau45IeH50BAslQrMmwAnBBS4,74BmEkgNRNY
PLmur3Z0Afau45IeH50BAslQrMmwAnBBS4,5S1Vj1kDvTo
PLmur3Z0Afau45IeH50BAslQrMmwAnBBS4,2TR3f1iqS80
PLmur3Z0Afau45IeH50BAslQrMmwAnBBS4,9PRVAFYKLfs
PLmur3Z0Afau45IeH50BAslQrMmwAnBBS4,nGkkSUV67HI
PLmur3Z0Afau45IeH50BAslQrMmwAnBBS4,zQJqjk40hXs
PLmur3Z0Afau45IeH50BAslQrMmwAnBBS4,_qQGMepJpb0
PLmur3Z0Afau45IeH50BAslQrMmwAnBBS4,VhzCbnfJWBI
PLmur3Z0Afau45IeH50BAslQrMmwAnBBS4,GlpkHcHQqwc
PLmur3Z0Afau45IeH50BAslQrMmwAnBBS4,kRqXMXhgSIM
PLmur3Z0Afau45IeH50BAslQrMmwAnBBS4,3TMt4RLMhNQ
PLmur3Z0Afau45IeH50BAslQrMmwAnBBS4,Xkwl0tPLVJI
PLmur3Z0Afau45IeH50BAslQrMmwAnBBS4,W-8IDCJlVsE
PLmur3Z0Afau45IeH50BAslQrMmwAnBBS4,oO54NGDqAhs
PLmur3Z0Afau45IeH50BAslQrMmwAnBBS4,yNESpcA2hY8
PLmur3Z0Afau45IeH50BAslQrMmwAnBBS4,JgPAOs3OqmI
PLmur3Z0Afau45IeH50BAslQrMmwAnBBS4,LN_2paJ3Sco
PLmur3Z0Afau45IeH50BAslQrMmwAnBBS4,5IkcFnG5F8s
PLmur3Z0Afau45IeH50BAslQrMmwAnBBS4,bU2SgM84nCo
PLmur3Z0Afau45IeH50BAslQrMmwAnBBS4,KYGe5aOaeEE
PLmur3Z0Afau45IeH50BAslQrMmwAnBBS4,ZzjpR2Z2YQg
PLmur3Z0Afau45IeH50BAslQrMmwAnBBS4,YpFQlZjueIc
PLmur3Z0Afau45IeH50BAslQrMmwAnBBS4,WW0E3wyfWv8
PLmur3Z0Afau45IeH50BAslQrMmwAnBBS4,WB8_sxkkLF4
PLmur3Z0Afau45IeH50BAslQrMmwAnBBS4,heiRum7z5lE
PLmur3Z0Afau45IeH50BAslQrMmwAnBBS4,SlY9X3-Viy4
PLmur3Z0Afau45IeH50BAslQrMmwAnBBS4,yUR6TitZ71k
PLmur3Z0Afau45IeH50BAslQrMmwAnBBS4,mNssheGB3JI
PLmur3Z0Afau45IeH50BAslQrMmwAnBBS4,64v2yFJuJ8g
PLmur3Z0Afau45IeH50BAslQrMmwAnBBS4,kPV84fVx1Uc
PLmur3Z0Afau45IeH50BAslQrMmwAnBBS4,MMSHrt8RJ1E
PLmur3Z0Afau45IeH50BAslQrMmwAnBBS4,Mgp3KiWlRAE
PLmur3Z0Afau45IeH50BAslQrMmwAnBBS4,HfTnCDAEOgE
PLmur3Z0Afau45IeH50BAslQrMmwAnBBS4,7yb80pOySCY
PLmur3Z0Afau4LxX8lA98CS_KzGgX3md11,hNB7RTKfbug
PLmur3Z0Afau4LxX8lA98CS_KzGgX3md11,5C43i3yclec
PLmur3Z0Afau4LxX8lA98CS_KzGgX3md11,Zzx-QEgv-gw
PLmur3Z0Afau4LxX8lA98CS_KzGgX3md11,untbULfkkWM
PLmur3Z0Afau4LxX8lA98CS_KzGgX3md11,76S3iMfcZE8
PLmur3Z0Afau4LxX8lA98CS_KzGgX3md11,Cv-60ZA-PnM
PLmur3Z0Afau4LxX8lA98CS_KzGgX3md11,CHiOBzqcMV8
PLmur3Z0Afau4LxX8lA98CS_KzGgX3md11,OFyQ0eepHNU
PLmur3Z0Afau4LxX8lA98CS_KzGgX3md11,U8Qt3KUZQEA
PLmur3Z0Afau4LxX8lA98CS_KzGgX3md11,em52eyOjVEs
PLmur3Z0Afau4LxX8lA98CS_KzGgX3md11,VexHiUkHqKQ
PLmur3Z0Afau4LxX8lA98CS_KzGgX3md11,kTSLpT__Wts
PLmur3Z0Afau4LxX8lA98CS_KzGgX3md11,vKHj72RYRRY
PLmur3Z0Afau4LxX8lA98CS_KzGgX3md11,x25OOWpwF0M
PLmur3Z0Afau4LxX8lA98CS_KzGgX3md11,meIVzBT8GOU
PLmur3Z0Afau4LxX8lA98CS_KzGgX3md11,qw09TzHn9lY
PLmur3Z0Afau4LxX8lA98CS_KzGgX3md11,WEH5B1JXiA8
PLmur3Z0Afau4LxX8lA98CS_KzGgX3md11,eoOQLA3TDtc
PLmur3Z0Afau4LxX8lA98CS_KzGgX3md11,-cJlByUhOYE
PLmur3Z0Afau4LxX8lA98CS_KzGgX3md11,MPCFFVAfwYc
PLmur3Z0Afau4LxX8lA98CS_KzGgX3md11,znEh4Pc8bkk
PLmur3Z0Afau4LxX8lA98CS_KzGgX3md11,ca1c75d6NN4
PLmur3Z0Afau4LxX8lA98CS_KzGgX3md11,H3RRDhEgqcM
PLmur3Z0Afau4LxX8lA98CS_KzGgX3md11,SjAfPcvltxs
PLmur3Z0Afau4LxX8lA98CS_KzGgX3md11,NOKx3TRFt-c
PLmur3Z0Afau4LxX8lA98CS_KzGgX3md11,95xbegZcJ2k
PLmur3Z0Afau4LxX8lA98CS_KzGgX3md11,mrQ37EUcKwc
PLmur3Z0Afau4LxX8lA98CS_KzGgX3md11,lmedBz5caNg
PLmur3Z0Afau4LxX8lA98CS_KzGgX3md11,lrJNNXhr9aI
PLmur3Z0Afau4LxX8lA98CS_KzGgX3md11,eNE1Ov9AKb0
PLmur3Z0Afau4LxX8lA98CS_KzGgX3md11,ND3FbQvUBaA
PLmur3Z0Afau4LxX8lA98CS_KzGgX3md11,nWviiZP5WPE
PLmur3Z0Afau4LxX8lA98CS_KzGgX3md11,Hb5obrx-KHY
PLmur3Z0Afau4LxX8lA98CS_KzGgX3md11,zy7mpmOPNSE
PLmur3Z0Afau4LxX8lA98CS_KzGgX3md11,hR3Zlaw2f0c
PLmur3Z0Afau4LxX8lA98CS_KzGgX3md11,J_Zz8ectW_A
PLmur3Z0Afau4LxX8lA98CS_KzGgX3md11,H2H_2LRHAUo
PLmur3Z0Afau4LxX8lA98CS_KzGgX3md11,Btiy1iVKGK8
PLmur3Z0Afau4LxX8lA98CS_KzGgX3md11,KG39nGRUo3Q
PLmur3Z0Afau4LxX8lA98CS_KzGgX3md11,ldw8hCTjQRM
PLmur3Z0Afau4LxX8lA98CS_KzGgX3md11,TJPpks8oUrE
PLmur3Z0Afau4LxX8lA98CS_KzGgX3md11,tAi3JbMwpf4
PLmur3Z0Afau4LxX8lA98CS_KzGgX3md11,NadMh_ZqodI
PLmur3Z0Afau4LxX8lA98CS_KzGgX3md11,ZKqGIstHpSU
PLmur3Z0Afau4LxX8lA98CS_KzGgX3md11,Stb39cZZE-E
PLmur3Z0Afau4LxX8lA98CS_KzGgX3md11,zR7g5hKfKQc
PLmur3Z0Afau4LxX8lA98CS_KzGgX3md11,GTPBQs6K1Ic
PLmur3Z0Afau4LxX8lA98CS_KzGgX3md11,6rCOf8Vokq0
PLmur3Z0Afau4LxX8lA98CS_KzGgX3md11,sEyf4YRlW10
PLmur3Z0Afau4LxX8lA98CS_KzGgX3md11,eBmO-_AOKik
PLmur3Z0Afau4LxX8lA98CS_KzGgX3md11,QhApmGwxcq4
PLmur3Z0Afau4LxX8lA98CS_KzGgX3md11,p59-PrimTzE
PLmur3Z0Afau4LxX8lA98CS_KzGgX3md11,4oeM9hhUMSs
PLmur3Z0Afau4LxX8lA98CS_KzGgX3md11,6eqw-74aExE
PLmur3Z0Afau4LxX8lA98CS_KzGgX3md11,j1JF24kONmM
PLmur3Z0Afau4LxX8lA98CS_KzGgX3md11,vHMw3_I6FC0
PLmur3Z0Afau4LxX8lA98CS_KzGgX3md11,iveg5tyxQYA
PLmur3Z0Afau4LxX8lA98CS_KzGgX3md11,jFL3NyaC1aI
PLmur3Z0Afau4LxX8lA98CS_KzGgX3md11,c9PjvttI4n8
PLmur3Z0Afau4LxX8lA98CS_KzGgX3md11,7EnAO2A27cY
PLmur3Z0Afau4LxX8lA98CS_KzGgX3md11,SfGGih4V9qo
PLmur3Z0Afau4nJPHpmyx76w9vvkezWT7k,tGvGLRDNRXY
PLmur3Z0Afau4nJPHpmyx76w9vvkezWT7k,5_ZM1YZXeHU
PLmur3Z0Afau4nJPHpmyx76w9vvkezWT7k,3vVimm3y4Ig
PLmur3Z0Afau4nJPHpmyx76w9vvkezWT7k,PmU2UHoQQVo
PLmur3Z0Afau4nJPHpmyx76w9vvkezWT7k,U840CYjvUm0
PLmur3Z0Afau4nJPHpmyx76w9vvkezWT7k,NawHiWbkVcA
PLmur3Z0Afau4nJPHpmyx76w9vvkezWT7k,xdM1P1fOb5M
PLmur3Z0Afau4nJPHpmyx76w9vvkezWT7k,NUzDLpSkQTg
PLmur3Z0Afau4nJPHpmyx76w9vvkezWT7k,rf0ChcwZq4Q
PLmur3Z0Afau4nJPHpmyx76w9vvkezWT7k,QACYD67akQM
PLmur3Z0Afau4nJPHpmyx76w9vvkezWT7k,W3JEvecS_fI
PLmur3Z0Afau4nJPHpmyx76w9vvkezWT7k,oUWLMlT91-o
PLmur3Z0Afau4nJPHpmyx76w9vvkezWT7k,JaXdsxPcBKI
PLmur3Z0Afau4nJPHpmyx76w9vvkezWT7k,tz-Llrb5FJc
PLmur3Z0Afau4nJPHpmyx76w9vvkezWT7k,OowTNfWes4g
PLmur3Z0Afau4nJPHpmyx76w9vvkezWT7k,TtJe-5s_-4U
PLmur3Z0Afau4nJPHpmyx76w9vvkezWT7k,8MELKXZqMQo
PLmur3Z0Afau4nJPHpmyx76w9vvkezWT7k,P8J-ZHI9mKk
PLmur3Z0Afau4nJPHpmyx76w9vvkezWT7k,P8J-ZHI9mKk
PLmur3Z0Afau4nJPHpmyx76w9vvkezWT7k,SHLmoswkkAQ
PLmur3Z0Afau4nJPHpmyx76w9vvkezWT7k,JCOTIGtzwpQ
PLmur3Z0Afau4nJPHpmyx76w9vvkezWT7k,DbojSLdgs50
PLmur3Z0Afau4nJPHpmyx76w9vvkezWT7k,r3kvjBFLXz8
PLmur3Z0Afau4nJPHpmyx76w9vvkezWT7k,guUurwEyaL4
PLmur3Z0Afau4nJPHpmyx76w9vvkezWT7k,kNlhcLYcr2I
PLmur3Z0Afau4nJPHpmyx76w9vvkezWT7k,lZtfAtHMhmE
PLmur3Z0Afau4nJPHpmyx76w9vvkezWT7k,fgTw-2bpWtI
PLmur3Z0Afau4nJPHpmyx76w9vvkezWT7k,emCSj269E-0
PLmur3Z0Afau4nJPHpmyx76w9vvkezWT7k,uoySBT9Y4PU
PLmur3Z0Afau4nJPHpmyx76w9vvkezWT7k,IDJSsZ6Xoqk
PLmur3Z0Afau4nJPHpmyx76w9vvkezWT7k,UY-7-TIIW2w
PLmur3Z0Afau4nJPHpmyx76w9vvkezWT7k,hGIKANvbQK4
PLmur3Z0Afau4nJPHpmyx76w9vvkezWT7k,il2jmMRgFV8
PLmur3Z0Afau4nJPHpmyx76w9vvkezWT7k,QkWNQ1jjwVw
PLmur3Z0Afau4nJPHpmyx76w9vvkezWT7k,7-4DNe9z-w8
PLmur3Z0Afau4nJPHpmyx76w9vvkezWT7k,IaVey19Vdrw
PLmur3Z0Afau4nJPHpmyx76w9vvkezWT7k,XVNZtiOLTFA
PLmur3Z0Afau4nJPHpmyx76w9vvkezWT7k,0ja-awXXSUw
PLmur3Z0Afau4nJPHpmyx76w9vvkezWT7k,yoS8oYi4r9E
PLmur3Z0Afau4nJPHpmyx76w9vvkezWT7k,Ue-eo_pYbKA
PLmur3Z0Afau4nJPHpmyx76w9vvkezWT7k,Q0xgQVo2Z98
PLmur3Z0Afau4nJPHpmyx76w9vvkezWT7k,Iw8TJyeIFvk
PLmur3Z0Afau4nJPHpmyx76w9vvkezWT7k,VYyyqKTLviU
PLmur3Z0Afau4nJPHpmyx76w9vvkezWT7k,JJxa98W7HrI
PLmur3Z0Afau4nJPHpmyx76w9vvkezWT7k,wnz_o0Tt77U
PLmur3Z0Afau4nJPHpmyx76w9vvkezWT7k,evLG71SJ6rM
PLmur3Z0Afau4nJPHpmyx76w9vvkezWT7k,jp7N9NgSTlQ
PLmur3Z0Afau4nJPHpmyx76w9vvkezWT7k,SE3gXRKBNHc
PLmur3Z0Afau4nJPHpmyx76w9vvkezWT7k,QbMQNmiUPN4
PLmur3Z0Afau4nJPHpmyx76w9vvkezWT7k,k1GzThRsV4I
PLmur3Z0Afau4nJPHpmyx76w9vvkezWT7k,mdD829iCbAY
PLmur3Z0Afau4nJPHpmyx76w9vvkezWT7k,khX3smvWO40
PLmur3Z0Afau4nJPHpmyx76w9vvkezWT7k,EjMbAzKjJqQ
PLmur3Z0Afau4nJPHpmyx76w9vvkezWT7k,sSr2DsZfKSw
PLmur3Z0Afau4nJPHpmyx76w9vvkezWT7k,HS7pdp6m3Xk
PLmur3Z0Afau4nJPHpmyx76w9vvkezWT7k,Yz7Iu-_4ITo
PLmur3Z0Afau4nJPHpmyx76w9vvkezWT7k,Q_lWV6q-nAY
PLmur3Z0Afau4nJPHpmyx76w9vvkezWT7k,ElguKAj8Ckc
PLmur3Z0Afau4nJPHpmyx76w9vvkezWT7k,AYvdS73abgI
PLmur3Z0Afau4nJPHpmyx76w9vvkezWT7k,INUN-U2WVO4
PLmur3Z0Afau4nJPHpmyx76w9vvkezWT7k,8waCBiwtvMs
PLmur3Z0Afau4nJPHpmyx76w9vvkezWT7k,VSLwEIp15_4
PLmur3Z0Afau4nJPHpmyx76w9vvkezWT7k,Q3wiHJI1jKM
PLmur3Z0Afau4nJPHpmyx76w9vvkezWT7k,s_cFakM21RA
PLmur3Z0Afau4nJPHpmyx76w9vvkezWT7k,eHhV_i2clX0
PLmur3Z0Afau4nJPHpmyx76w9vvkezWT7k,yXOMHHe93YY
PLmur3Z0Afau4nJPHpmyx76w9vvkezWT7k,zWE-39ChKb8
PLmur3Z0Afau4nJPHpmyx76w9vvkezWT7k,DVlrio1iT2o
PLmur3Z0Afau4nJPHpmyx76w9vvkezWT7k,DuQs2uaz2eQ
PLmur3Z0Afau4nJPHpmyx76w9vvkezWT7k,3rEy7AzrjCY
PLmur3Z0Afau4nJPHpmyx76w9vvkezWT7k,gWfLwUjUuto
PLmur3Z0Afau4nJPHpmyx76w9vvkezWT7k,OgNdLdnsxOg
PLmur3Z0Afau4nJPHpmyx76w9vvkezWT7k,SEuxbFRYXJk
PLmur3Z0Afau4nJPHpmyx76w9vvkezWT7k,GNNI0bgk1Vc
PLmur3Z0Afau4nJPHpmyx76w9vvkezWT7k,EYsZV312eOg
PLmur3Z0Afau4nJPHpmyx76w9vvkezWT7k,IW5P0qvbhlI
PLmur3Z0Afau4nJPHpmyx76w9vvkezWT7k,q3ZD3fca0oM
PLmur3Z0Afau4nJPHpmyx76w9vvkezWT7k,oqO_508it14
PLmur3Z0Afau4nJPHpmyx76w9vvkezWT7k,BuSELXzAAdE
PLmur3Z0Afau4nJPHpmyx76w9vvkezWT7k,dCwylr3BSas
PLmur3Z0Afau4nJPHpmyx76w9vvkezWT7k,tB4qBieyg-o
PLmur3Z0Afau4nJPHpmyx76w9vvkezWT7k,SZcMX4yAMak
PLmur3Z0Afau4nJPHpmyx76w9vvkezWT7k,O2MBTuqQ-qc
PLmur3Z0Afau4nJPHpmyx76w9vvkezWT7k,QkGRSFj5m-c
PLmur3Z0Afau4nJPHpmyx76w9vvkezWT7k,tzWf2tIa6Vc
PLmur3Z0Afau4nJPHpmyx76w9vvkezWT7k,mGDZYJ9vHdU
PLmur3Z0Afau4nJPHpmyx76w9vvkezWT7k,5gNoB3xgQe0
PLmur3Z0Afau4nJPHpmyx76w9vvkezWT7k,PJZ_AfTIoAE
PLmur3Z0Afau4nJPHpmyx76w9vvkezWT7k,bqFzzultXGw
PLmur3Z0Afau4nJPHpmyx76w9vvkezWT7k,T5hdqMHEB84
PLmur3Z0Afau4nJPHpmyx76w9vvkezWT7k,NwwradFjQPw
PLmur3Z0Afau4nJPHpmyx76w9vvkezWT7k,HHWYEu3XbJc
PLmur3Z0Afau4nJPHpmyx76w9vvkezWT7k,871e82lfQzQ
PLmur3Z0Afau4nJPHpmyx76w9vvkezWT7k,BhSeGVUXufk
PLmur3Z0Afau4nJPHpmyx76w9vvkezWT7k,nFt7WTYlOmY
PLmur3Z0Afau4nJPHpmyx76w9vvkezWT7k,6oqKfMUSA74
PLmur3Z0Afau4nJPHpmyx76w9vvkezWT7k,qv5hTPpiqNM
PLmur3Z0Afau4nJPHpmyx76w9vvkezWT7k,I2iXWr11N9w
PLmur3Z0Afau4nJPHpmyx76w9vvkezWT7k,rg9d1MP00UQ
PLmur3Z0Afau4nJPHpmyx76w9vvkezWT7k,qfkpe9Yn76M
PLmur3Z0Afau4nJPHpmyx76w9vvkezWT7k,I4Sw00QL_fk
PLmur3Z0Afau4nJPHpmyx76w9vvkezWT7k,r0vW7bngBCc
PLmur3Z0Afau4nJPHpmyx76w9vvkezWT7k,8FrVnb_S9IM
PLmur3Z0Afau4nJPHpmyx76w9vvkezWT7k,Ooqxe3jJlcI
PLmur3Z0Afau4nJPHpmyx76w9vvkezWT7k,65QbVa1m5D8
PLmur3Z0Afau4nJPHpmyx76w9vvkezWT7k,FzDe0IYMskk
PLmur3Z0Afau4nJPHpmyx76w9vvkezWT7k,gdHs06LSObg
PLmur3Z0Afau4nJPHpmyx76w9vvkezWT7k,anO0IkJFQ0c
PLmur3Z0Afau4nJPHpmyx76w9vvkezWT7k,f2cx83xL3QU
PLmur3Z0Afau4nJPHpmyx76w9vvkezWT7k,7PJ1kOMc-ys
PLmur3Z0Afau4nJPHpmyx76w9vvkezWT7k,-QBG4ucbaxY
PLmur3Z0Afau4nJPHpmyx76w9vvkezWT7k,yM_T2eJGpys
PLmur3Z0Afau4nJPHpmyx76w9vvkezWT7k,UJTY7ilwSq4
PLmur3Z0Afau4nJPHpmyx76w9vvkezWT7k,wKUpyUm3PGs
PLmur3Z0Afau4nJPHpmyx76w9vvkezWT7k,ehmWViZn5S4
PLmur3Z0Afau4nJPHpmyx76w9vvkezWT7k,3e8Vu9ubDhI
PLmur3Z0Afau4nJPHpmyx76w9vvkezWT7k,8Set4XOA29o
PLmur3Z0Afau4nJPHpmyx76w9vvkezWT7k,-pucCdjrc7g
PLmur3Z0Afau4nJPHpmyx76w9vvkezWT7k,S4jLG8Q1jZE
PLmur3Z0Afau4nJPHpmyx76w9vvkezWT7k,U5t8JHIyISM
PLmur3Z0Afau4nJPHpmyx76w9vvkezWT7k,udCRpYIbaLU
PLmur3Z0Afau4nJPHpmyx76w9vvkezWT7k,BOoUyqbVEeA
PLmur3Z0Afau4nJPHpmyx76w9vvkezWT7k,e-hZAXBEGl0
PLmur3Z0Afau4nJPHpmyx76w9vvkezWT7k,SLt1QvbuaoE
PLmur3Z0Afau4nJPHpmyx76w9vvkezWT7k,VVB03iPu3mA
PLmur3Z0Afau4nJPHpmyx76w9vvkezWT7k,hYHhmHWEPsA
PLmur3Z0Afau4nJPHpmyx76w9vvkezWT7k,3UfWQTzWTeI
PLmur3Z0Afau4nJPHpmyx76w9vvkezWT7k,uaH6_k1-ylE
PLmur3Z0Afau4nJPHpmyx76w9vvkezWT7k,0SxWCtCg7jM
PLmur3Z0Afau4nJPHpmyx76w9vvkezWT7k,FEt3lJmdPAw
PLmur3Z0Afau4nJPHpmyx76w9vvkezWT7k,AaVTh4Yxwq4
PLmur3Z0Afau4nJPHpmyx76w9vvkezWT7k,VSmgK6jlk_I
PLmur3Z0Afau4nJPHpmyx76w9vvkezWT7k,aeLwaS-4IXY
PLmur3Z0Afau4nJPHpmyx76w9vvkezWT7k,JoKrKEOkWYc
PLmur3Z0Afau4nJPHpmyx76w9vvkezWT7k,C15pNDRdFTQ
PLmur3Z0Afau4nJPHpmyx76w9vvkezWT7k,KGjfcnLb_W4
PLmur3Z0Afau4nJPHpmyx76w9vvkezWT7k,DhpAKHT0v-c
PLmur3Z0Afau4nJPHpmyx76w9vvkezWT7k,Ov2LEnPzBFg
PLmur3Z0Afau4nJPHpmyx76w9vvkezWT7k,yJrfC9WCMe0
PLmur3Z0Afau4nJPHpmyx76w9vvkezWT7k,QtufMU3Ku8U
PLmur3Z0Afau4nJPHpmyx76w9vvkezWT7k,-v-JnGw5nkM
PLmur3Z0Afau4nJPHpmyx76w9vvkezWT7k,UTZxJpbdmwI
PLmur3Z0Afau4nJPHpmyx76w9vvkezWT7k,5CVj4MsVzmI
PLmur3Z0Afau4nJPHpmyx76w9vvkezWT7k,uPMdGzL74nc
PLmur3Z0Afau4nJPHpmyx76w9vvkezWT7k,yqXyvDe1wvA
PLmur3Z0Afau4nJPHpmyx76w9vvkezWT7k,N6Qyt0sMiXU
PLmur3Z0Afau4nJPHpmyx76w9vvkezWT7k,GuQotvstOAw
PLmur3Z0Afau4nJPHpmyx76w9vvkezWT7k,23I0YYgGVIk
PLmur3Z0Afau4nJPHpmyx76w9vvkezWT7k,OaItQaSlSxs
PLmur3Z0Afau4nJPHpmyx76w9vvkezWT7k,cEV8gtGVr9E
PLmur3Z0Afau4nJPHpmyx76w9vvkezWT7k,KSriktakUTw
PLmur3Z0Afau4nJPHpmyx76w9vvkezWT7k,eHk12oJGCtk
PLmur3Z0Afau4nJPHpmyx76w9vvkezWT7k,V7InrFk2ex4
PLmur3Z0Afau4nJPHpmyx76w9vvkezWT7k,Fr2sC-nCC5A
PLmur3Z0Afau4nJPHpmyx76w9vvkezWT7k,j2QLJfuFEn8
PLmur3Z0Afau4nJPHpmyx76w9vvkezWT7k,5jiuJtBWU9w
PLmur3Z0Afau4nJPHpmyx76w9vvkezWT7k,LiVqQcG9VZ0
PLmur3Z0Afau4nJPHpmyx76w9vvkezWT7k,er-2YdtDulg
PLmur3Z0Afau4nJPHpmyx76w9vvkezWT7k,wB0mnUKS0yU
PLmur3Z0Afau4nJPHpmyx76w9vvkezWT7k,wMIlz_qjCbg
PLmur3Z0Afau4nJPHpmyx76w9vvkezWT7k,k4Sm01PRCtc
PLmur3Z0Afau4nJPHpmyx76w9vvkezWT7k,co4mXUWIl6c
PLmur3Z0Afau4nJPHpmyx76w9vvkezWT7k,n3OXNVsrIuE
PLmur3Z0Afau4nJPHpmyx76w9vvkezWT7k,WMkiO5vsfmo
PLmur3Z0Afau4nJPHpmyx76w9vvkezWT7k,OgImEeX8-PI
PLmur3Z0Afau4nJPHpmyx76w9vvkezWT7k,HqjWxrK90Is
PLmur3Z0Afau4nJPHpmyx76w9vvkezWT7k,_IokLRog3kk
PLmur3Z0Afau4nJPHpmyx76w9vvkezWT7k,0b9DXtQnQ4o
PLmur3Z0Afau4nJPHpmyx76w9vvkezWT7k,TYUUsMvwCYg
PLmur3Z0Afau4nJPHpmyx76w9vvkezWT7k,BkAxtCUe94s
PLmur3Z0Afau4nJPHpmyx76w9vvkezWT7k,k6z_NAwhBPw
PLmur3Z0Afau4nJPHpmyx76w9vvkezWT7k,rB5cu7fiJr0
PLmur3Z0Afau4nJPHpmyx76w9vvkezWT7k,teCTk2TLefc
PLmur3Z0Afau4nJPHpmyx76w9vvkezWT7k,IaJ12zf-eWY
PLmur3Z0Afau4nJPHpmyx76w9vvkezWT7k,pbl3qg8DLwI
PLmur3Z0Afau4nJPHpmyx76w9vvkezWT7k,oXnRsa_RF2s
PLmur3Z0Afau4nJPHpmyx76w9vvkezWT7k,0G1AhXhai9c
PLmur3Z0Afau4nJPHpmyx76w9vvkezWT7k,kGLy96472hQ
PLmur3Z0Afau4nJPHpmyx76w9vvkezWT7k,kRIwRv9ucuA
PLmur3Z0Afau4nJPHpmyx76w9vvkezWT7k,I4_lLp9iYVE
PLmur3Z0Afau4nJPHpmyx76w9vvkezWT7k,QIbU-bfrCfs
PLmur3Z0Afau4nJPHpmyx76w9vvkezWT7k,O5mXHwLUu3k
PLmur3Z0Afau4nJPHpmyx76w9vvkezWT7k,or9xVtQaFq0
PLmur3Z0Afau4nJPHpmyx76w9vvkezWT7k,7nISINy6fDg
PLmur3Z0Afau4nJPHpmyx76w9vvkezWT7k,BzmHsya5YPk
PLmur3Z0Afau4nJPHpmyx76w9vvkezWT7k,5qEsNNki0gc
PLmur3Z0Afau4nJPHpmyx76w9vvkezWT7k,ceZDlpwacIY
PLmur3Z0Afau4nJPHpmyx76w9vvkezWT7k,OTdIhtx5HD4
PLmur3Z0Afau4nJPHpmyx76w9vvkezWT7k,mE4Y7swUZyw
PLmur3Z0Afau4nJPHpmyx76w9vvkezWT7k,Qh5tkcwhEJ8
PLmur3Z0Afau4nJPHpmyx76w9vvkezWT7k,PtxM40NoSZw
PLmur3Z0Afau4nJPHpmyx76w9vvkezWT7k,sC60zjUbMD4
PLmur3Z0Afau4nJPHpmyx76w9vvkezWT7k,Iq0i3GBBGZA
PLmur3Z0Afau4nJPHpmyx76w9vvkezWT7k,1V7bA4w-KMU
PLmur3Z0Afau4nJPHpmyx76w9vvkezWT7k,9AGvdHqaa3s
PLmur3Z0Afau4nJPHpmyx76w9vvkezWT7k,wsjZZS7WHM8
PLmur3Z0Afau4nJPHpmyx76w9vvkezWT7k,mPWjO_1rB8Y
PLmur3Z0Afau4nJPHpmyx76w9vvkezWT7k,-OBOCH80Xo8
PLmur3Z0Afau4nJPHpmyx76w9vvkezWT7k,B7Sp14COdmI
PLmur3Z0Afau4nJPHpmyx76w9vvkezWT7k,t1JlMk6TY7Y
PLmur3Z0Afau4nJPHpmyx76w9vvkezWT7k,HdzPyBz9IB8
PLmur3Z0Afau4nJPHpmyx76w9vvkezWT7k,2aBsNMyVi8A
PLmur3Z0Afau4nJPHpmyx76w9vvkezWT7k,EX68DHWeIgM
PLmur3Z0Afau4nJPHpmyx76w9vvkezWT7k,Hb7PCXzLvKU
PLmur3Z0Afau4nJPHpmyx76w9vvkezWT7k,YIoX1FBJETM
PLmur3Z0Afau4nJPHpmyx76w9vvkezWT7k,XCY2vc9PeO4
PLmur3Z0Afau4nJPHpmyx76w9vvkezWT7k,SzF_ITo8hgA
PLmur3Z0Afau4nJPHpmyx76w9vvkezWT7k,euz3gJ-_igI
PLmur3Z0Afau4nJPHpmyx76w9vvkezWT7k,vuDwty_Lt-U
PLmur3Z0Afau4nJPHpmyx76w9vvkezWT7k,5n9mcRIRTH4
PLmur3Z0Afau4nJPHpmyx76w9vvkezWT7k,zqdG8qQJb1o
PLmur3Z0Afau4nJPHpmyx76w9vvkezWT7k,Swu0d9-0rAM
PLmur3Z0Afau4nJPHpmyx76w9vvkezWT7k,qmzUJjIY9sQ
PLmur3Z0Afau4nJPHpmyx76w9vvkezWT7k,THsIFF3XwsE
PLmur3Z0Afau4nJPHpmyx76w9vvkezWT7k,2T19iYAiWT8
PLmur3Z0Afau4nJPHpmyx76w9vvkezWT7k,jSxhQwrkHsE
PLmur3Z0Afau4nJPHpmyx76w9vvkezWT7k,5S3DW5Lsrvk
PLmur3Z0Afau4nJPHpmyx76w9vvkezWT7k,-SX26MdqiMQ
PLmur3Z0Afau4nJPHpmyx76w9vvkezWT7k,jVx4gGV4K4E
PLmur3Z0Afau4nJPHpmyx76w9vvkezWT7k,EHZnj60oIxw
PLmur3Z0Afau4nJPHpmyx76w9vvkezWT7k,uq9ihUVK4Jw
PLmur3Z0Afau4nJPHpmyx76w9vvkezWT7k,TbmKaCveVg8
PLmur3Z0Afau4nJPHpmyx76w9vvkezWT7k,8UY15kDVUek
PLmur3Z0Afau4nJPHpmyx76w9vvkezWT7k,RmOCAmcgzAA
PLmur3Z0Afau4nJPHpmyx76w9vvkezWT7k,OvD7WeEc0Eo
PLmur3Z0Afau4nJPHpmyx76w9vvkezWT7k,XCq_GPil72o
PLmur3Z0Afau4nJPHpmyx76w9vvkezWT7k,87GA2G-CzHQ
PLmur3Z0Afau4nJPHpmyx76w9vvkezWT7k,aYNTsOTHRU4
PLmur3Z0Afau4nJPHpmyx76w9vvkezWT7k,ogyZ8EVNaCA
PLmur3Z0Afau4nJPHpmyx76w9vvkezWT7k,TPm8Njb4j2o
PLmur3Z0Afau4nJPHpmyx76w9vvkezWT7k,x636tLntRdc
PLmur3Z0Afau4nJPHpmyx76w9vvkezWT7k,pdbqrEy7ZPE
PLmur3Z0Afau4nJPHpmyx76w9vvkezWT7k,Bsmi5PGQ1Pg
PLmur3Z0Afau4nJPHpmyx76w9vvkezWT7k,fVRoGRWb3vU
PLmur3Z0Afau4nJPHpmyx76w9vvkezWT7k,Q8Awccyawjg
PLmur3Z0Afau4nJPHpmyx76w9vvkezWT7k,wPhc2KxOwCc
PLmur3Z0Afau4nJPHpmyx76w9vvkezWT7k,J48vtk0Sc6o
PLmur3Z0Afau4nJPHpmyx76w9vvkezWT7k,WAsAqnS6w10
PLmur3Z0Afau4nJPHpmyx76w9vvkezWT7k,LtNIVxi-JdI
PLmur3Z0Afau4nJPHpmyx76w9vvkezWT7k,6NTvo0T7noI
PLmur3Z0Afau4nJPHpmyx76w9vvkezWT7k,XIAcpvzAqlg
PLmur3Z0Afau4nJPHpmyx76w9vvkezWT7k,fRgH6N0RhkA
PLmur3Z0Afau4nJPHpmyx76w9vvkezWT7k,Wvyjd309LBc
PLmur3Z0Afau4nJPHpmyx76w9vvkezWT7k,eDw-z2qa3oM
PLmur3Z0Afau4nJPHpmyx76w9vvkezWT7k,KAg88fPuIpQ
PLmur3Z0Afau4nJPHpmyx76w9vvkezWT7k,FfBgA4zo0sM
PLmur3Z0Afau4nJPHpmyx76w9vvkezWT7k,2mKokMBjkaA
PLmur3Z0Afau4nJPHpmyx76w9vvkezWT7k,kkDNd-F_O2w
PLmur3Z0Afau4nJPHpmyx76w9vvkezWT7k,OJWNJ6u0nPA
PLmur3Z0Afau4nJPHpmyx76w9vvkezWT7k,tqj99cEPW5Q
PLmur3Z0Afau4nJPHpmyx76w9vvkezWT7k,8-Ilz-_TB1U
PLmur3Z0Afau4nJPHpmyx76w9vvkezWT7k,J4xiGwXiuxk
PLmur3Z0Afau4nJPHpmyx76w9vvkezWT7k,1_BHwlk1CpY
PLmur3Z0Afau4nJPHpmyx76w9vvkezWT7k,s62bRDTMvlQ
PLmur3Z0Afau4nJPHpmyx76w9vvkezWT7k,hFaXzQwBviQ
PLmur3Z0Afau4nJPHpmyx76w9vvkezWT7k,qxkmns8tYbU
PLmur3Z0Afau4nJPHpmyx76w9vvkezWT7k,oSs3oqvMs-4
PLmur3Z0Afau4nJPHpmyx76w9vvkezWT7k,HfKq_NU79b0
PLmur3Z0Afau4nJPHpmyx76w9vvkezWT7k,zqtrez7ZOFQ
PLmur3Z0Afau4nJPHpmyx76w9vvkezWT7k,y-MRVFWQzBE
PLmur3Z0Afau4nJPHpmyx76w9vvkezWT7k,V43ptcU-h1U
PLmur3Z0Afau4nJPHpmyx76w9vvkezWT7k,cZssGG35jFE
PLmur3Z0Afau4nJPHpmyx76w9vvkezWT7k,4XOnrHtPmYY
PLmur3Z0Afau4nJPHpmyx76w9vvkezWT7k,JhJJBm4I-PQ
PLmur3Z0Afau4nJPHpmyx76w9vvkezWT7k,76_DMoyWlXg
PLmur3Z0Afau4nJPHpmyx76w9vvkezWT7k,FKkalYUvdOY
PLmur3Z0Afau4nJPHpmyx76w9vvkezWT7k,fIeE4EzzdP0
PLmur3Z0Afau4nJPHpmyx76w9vvkezWT7k,PAcd9X7c4CI
PLmur3Z0Afau4nJPHpmyx76w9vvkezWT7k,WbnXPE1-2Xs
PLmur3Z0Afau4nJPHpmyx76w9vvkezWT7k,YXPke3ZjDPw
PLmur3Z0Afau4nJPHpmyx76w9vvkezWT7k,MPwtwE7rx6o
PLmur3Z0Afau4nJPHpmyx76w9vvkezWT7k,fCgELok_ai8
PLmur3Z0Afau6sxeemZq_rj-blKcQ9EaTo,p-qFVAPrBIQ
PLmur3Z0Afau6sxeemZq_rj-blKcQ9EaTo,zR5mFYBwm7c
PLmur3Z0Afau6sxeemZq_rj-blKcQ9EaTo,r0NGPqA3AwA
PLmur3Z0Afau6sxeemZq_rj-blKcQ9EaTo,6Di8hFlDx2U
PLmur3Z0Afau6sxeemZq_rj-blKcQ9EaTo,fIHdJkjzXTY
PLmur3Z0Afau6sxeemZq_rj-blKcQ9EaTo,RxN5YdFCye4
PLmur3Z0Afau6sxeemZq_rj-blKcQ9EaTo,N4x6N0uAkTQ
PLmur3Z0Afau6sxeemZq_rj-blKcQ9EaTo,K3oHwDqee4I
PLmur3Z0Afau6sxeemZq_rj-blKcQ9EaTo,sKPx6V1jn9w
PLmur3Z0Afau6sxeemZq_rj-blKcQ9EaTo,h2PWGegjoKw
PLmur3Z0Afau6sxeemZq_rj-blKcQ9EaTo,T-55_Xs6vkI
PLmur3Z0Afau6sxeemZq_rj-blKcQ9EaTo,kP4Z0s41irE
PLmur3Z0Afau6sxeemZq_rj-blKcQ9EaTo,wKk48KfH_8k
PLmur3Z0Afau6sxeemZq_rj-blKcQ9EaTo,Tt0uV5d8tss
PLmur3Z0Afau6sxeemZq_rj-blKcQ9EaTo,_QhlsHYtao4
PLmur3Z0Afau6sxeemZq_rj-blKcQ9EaTo,AETXBK_lwqI
PLmur3Z0Afau6sxeemZq_rj-blKcQ9EaTo,9w3Tbpy3Zso
